ERROR 2026-05-28 09:16:27,050 django.request log:241 Internal Server Error: /api/order-ui-list/
Traceback (most recent call last):
  File "/Users/ankitsamant/PROJECT_W/env/lib/python3.14/site-packages/django/db/backends/utils.py", line 89, in _execute
    return self.cursor.execute(sql, params)
           ~~~~~~~~~~~~~~~~~~~^^^^^^^^^^^^^
  File "/Users/ankitsamant/PROJECT_W/env/lib/python3.14/site-packages/django/db/backends/mysql/base.py", line 75, in execute
    return self.cursor.execute(query, args)
           ~~~~~~~~~~~~~~~~~~~^^^^^^^^^^^^^
  File "/Users/ankitsamant/PROJECT_W/env/lib/python3.14/site-packages/pymysql/cursors.py", line 153, in execute
    result = self._query(query)
  File "/Users/ankitsamant/PROJECT_W/env/lib/python3.14/site-packages/pymysql/cursors.py", line 322, in _query
    conn.query(q)
    ~~~~~~~~~~^^^
  File "/Users/ankitsamant/PROJECT_W/env/lib/python3.14/site-packages/pymysql/connections.py", line 575, in query
    self._affected_rows = self._read_query_result(unbuffered=unbuffered)
                          ~~~~~~~~~~~~~~~~~~~~~~~^^^^^^^^^^^^^^^^^^^^^^^
  File "/Users/ankitsamant/PROJECT_W/env/lib/python3.14/site-packages/pymysql/connections.py", line 826, in _read_query_result
    result.read()
    ~~~~~~~~~~~^^
  File "/Users/ankitsamant/PROJECT_W/env/lib/python3.14/site-packages/pymysql/connections.py", line 1203, in read
    first_packet = self.connection._read_packet()
  File "/Users/ankitsamant/PROJECT_W/env/lib/python3.14/site-packages/pymysql/connections.py", line 782, in _read_packet
    packet.raise_for_error()
    ~~~~~~~~~~~~~~~~~~~~~~^^
  File "/Users/ankitsamant/PROJECT_W/env/lib/python3.14/site-packages/pymysql/protocol.py", line 219, in raise_for_error
    err.raise_mysql_exception(self._data)
    ~~~~~~~~~~~~~~~~~~~~~~~~~^^^^^^^^^^^^
  File "/Users/ankitsamant/PROJECT_W/env/lib/python3.14/site-packages/pymysql/err.py", line 150, in raise_mysql_exception
    raise errorclass(errno, errval)
pymysql.err.OperationalError: (1054, "Unknown column 'store_app_order.buyer_shipment_charger' in 'field list'")

The above exception was the direct cause of the following exception:

Traceback (most recent call last):
  File "/Users/ankitsamant/PROJECT_W/env/lib/python3.14/site-packages/django/core/handlers/exception.py", line 55, in inner
    response = get_response(request)
  File "/Users/ankitsamant/PROJECT_W/env/lib/python3.14/site-packages/django/core/handlers/base.py", line 197, in _get_response
    response = wrapped_callback(request, *callback_args, **callback_kwargs)
  File "/Users/ankitsamant/PROJECT_W/env/lib/python3.14/site-packages/django/views/decorators/csrf.py", line 56, in wrapper_view
    return view_func(*args, **kwargs)
  File "/Users/ankitsamant/PROJECT_W/env/lib/python3.14/site-packages/django/views/generic/base.py", line 104, in view
    return self.dispatch(request, *args, **kwargs)
           ~~~~~~~~~~~~~^^^^^^^^^^^^^^^^^^^^^^^^^^
  File "/Users/ankitsamant/PROJECT_W/env/lib/python3.14/site-packages/rest_framework/views.py", line 509, in dispatch
    response = self.handle_exception(exc)
  File "/Users/ankitsamant/PROJECT_W/env/lib/python3.14/site-packages/rest_framework/views.py", line 469, in handle_exception
    self.raise_uncaught_exception(exc)
    ~~~~~~~~~~~~~~~~~~~~~~~~~~~~~^^^^^
  File "/Users/ankitsamant/PROJECT_W/env/lib/python3.14/site-packages/rest_framework/views.py", line 480, in raise_uncaught_exception
    raise exc
  File "/Users/ankitsamant/PROJECT_W/env/lib/python3.14/site-packages/rest_framework/views.py", line 506, in dispatch
    response = handler(request, *args, **kwargs)
  File "/Users/ankitsamant/PROJECT_W/store_app/views.py", line 1874, in get
    "data": serializer.data,
            ^^^^^^^^^^^^^^^
  File "/Users/ankitsamant/PROJECT_W/env/lib/python3.14/site-packages/rest_framework/serializers.py", line 768, in data
    ret = super().data
          ^^^^^^^^^^^^
  File "/Users/ankitsamant/PROJECT_W/env/lib/python3.14/site-packages/rest_framework/serializers.py", line 253, in data
    self._data = self.to_representation(self.instance)
                 ~~~~~~~~~~~~~~~~~~~~~~^^^^^^^^^^^^^^^
  File "/Users/ankitsamant/PROJECT_W/env/lib/python3.14/site-packages/rest_framework/serializers.py", line 687, in to_representation
    self.child.to_representation(item) for item in iterable
                                                   ^^^^^^^^
  File "/Users/ankitsamant/PROJECT_W/env/lib/python3.14/site-packages/django/db/models/query.py", line 398, in __iter__
    self._fetch_all()
    ~~~~~~~~~~~~~~~^^
  File "/Users/ankitsamant/PROJECT_W/env/lib/python3.14/site-packages/django/db/models/query.py", line 1881, in _fetch_all
    self._result_cache = list(self._iterable_class(self))
                         ~~~~^^^^^^^^^^^^^^^^^^^^^^^^^^^^
  File "/Users/ankitsamant/PROJECT_W/env/lib/python3.14/site-packages/django/db/models/query.py", line 91, in __iter__
    results = compiler.execute_sql(
        chunked_fetch=self.chunked_fetch, chunk_size=self.chunk_size
    )
  File "/Users/ankitsamant/PROJECT_W/env/lib/python3.14/site-packages/django/db/models/sql/compiler.py", line 1560, in execute_sql
    cursor.execute(sql, params)
    ~~~~~~~~~~~~~~^^^^^^^^^^^^^
  File "/Users/ankitsamant/PROJECT_W/env/lib/python3.14/site-packages/django/db/backends/utils.py", line 67, in execute
    return self._execute_with_wrappers(
           ~~~~~~~~~~~~~~~~~~~~~~~~~~~^
        sql, params, many=False, executor=self._execute
        ^^^^^^^^^^^^^^^^^^^^^^^^^^^^^^^^^^^^^^^^^^^^^^^
    )
    ^
  File "/Users/ankitsamant/PROJECT_W/env/lib/python3.14/site-packages/django/db/backends/utils.py", line 80, in _execute_with_wrappers
    return executor(sql, params, many, context)
  File "/Users/ankitsamant/PROJECT_W/env/lib/python3.14/site-packages/django/db/backends/utils.py", line 84, in _execute
    with self.db.wrap_database_errors:
         ^^^^^^^^^^^^^^^^^^^^^^^^^^^^
  File "/Users/ankitsamant/PROJECT_W/env/lib/python3.14/site-packages/django/db/utils.py", line 91, in __exit__
    raise dj_exc_value.with_traceback(traceback) from exc_value
  File "/Users/ankitsamant/PROJECT_W/env/lib/python3.14/site-packages/django/db/backends/utils.py", line 89, in _execute
    return self.cursor.execute(sql, params)
           ~~~~~~~~~~~~~~~~~~~^^^^^^^^^^^^^
  File "/Users/ankitsamant/PROJECT_W/env/lib/python3.14/site-packages/django/db/backends/mysql/base.py", line 75, in execute
    return self.cursor.execute(query, args)
           ~~~~~~~~~~~~~~~~~~~^^^^^^^^^^^^^
  File "/Users/ankitsamant/PROJECT_W/env/lib/python3.14/site-packages/pymysql/cursors.py", line 153, in execute
    result = self._query(query)
  File "/Users/ankitsamant/PROJECT_W/env/lib/python3.14/site-packages/pymysql/cursors.py", line 322, in _query
    conn.query(q)
    ~~~~~~~~~~^^^
  File "/Users/ankitsamant/PROJECT_W/env/lib/python3.14/site-packages/pymysql/connections.py", line 575, in query
    self._affected_rows = self._read_query_result(unbuffered=unbuffered)
                          ~~~~~~~~~~~~~~~~~~~~~~~^^^^^^^^^^^^^^^^^^^^^^^
  File "/Users/ankitsamant/PROJECT_W/env/lib/python3.14/site-packages/pymysql/connections.py", line 826, in _read_query_result
    result.read()
    ~~~~~~~~~~~^^
  File "/Users/ankitsamant/PROJECT_W/env/lib/python3.14/site-packages/pymysql/connections.py", line 1203, in read
    first_packet = self.connection._read_packet()
  File "/Users/ankitsamant/PROJECT_W/env/lib/python3.14/site-packages/pymysql/connections.py", line 782, in _read_packet
    packet.raise_for_error()
    ~~~~~~~~~~~~~~~~~~~~~~^^
  File "/Users/ankitsamant/PROJECT_W/env/lib/python3.14/site-packages/pymysql/protocol.py", line 219, in raise_for_error
    err.raise_mysql_exception(self._data)
    ~~~~~~~~~~~~~~~~~~~~~~~~~^^^^^^^^^^^^
  File "/Users/ankitsamant/PROJECT_W/env/lib/python3.14/site-packages/pymysql/err.py", line 150, in raise_mysql_exception
    raise errorclass(errno, errval)
django.db.utils.OperationalError: (1054, "Unknown column 'store_app_order.buyer_shipment_charger' in 'field list'")
ERROR 2026-05-28 09:17:33,829 django.request log:241 Internal Server Error: /api/order-ui-list/
Traceback (most recent call last):
  File "/Users/ankitsamant/PROJECT_W/env/lib/python3.14/site-packages/django/db/backends/utils.py", line 89, in _execute
    return self.cursor.execute(sql, params)
           ~~~~~~~~~~~~~~~~~~~^^^^^^^^^^^^^
  File "/Users/ankitsamant/PROJECT_W/env/lib/python3.14/site-packages/django/db/backends/mysql/base.py", line 75, in execute
    return self.cursor.execute(query, args)
           ~~~~~~~~~~~~~~~~~~~^^^^^^^^^^^^^
  File "/Users/ankitsamant/PROJECT_W/env/lib/python3.14/site-packages/pymysql/cursors.py", line 153, in execute
    result = self._query(query)
  File "/Users/ankitsamant/PROJECT_W/env/lib/python3.14/site-packages/pymysql/cursors.py", line 322, in _query
    conn.query(q)
    ~~~~~~~~~~^^^
  File "/Users/ankitsamant/PROJECT_W/env/lib/python3.14/site-packages/pymysql/connections.py", line 575, in query
    self._affected_rows = self._read_query_result(unbuffered=unbuffered)
                          ~~~~~~~~~~~~~~~~~~~~~~~^^^^^^^^^^^^^^^^^^^^^^^
  File "/Users/ankitsamant/PROJECT_W/env/lib/python3.14/site-packages/pymysql/connections.py", line 826, in _read_query_result
    result.read()
    ~~~~~~~~~~~^^
  File "/Users/ankitsamant/PROJECT_W/env/lib/python3.14/site-packages/pymysql/connections.py", line 1203, in read
    first_packet = self.connection._read_packet()
  File "/Users/ankitsamant/PROJECT_W/env/lib/python3.14/site-packages/pymysql/connections.py", line 782, in _read_packet
    packet.raise_for_error()
    ~~~~~~~~~~~~~~~~~~~~~~^^
  File "/Users/ankitsamant/PROJECT_W/env/lib/python3.14/site-packages/pymysql/protocol.py", line 219, in raise_for_error
    err.raise_mysql_exception(self._data)
    ~~~~~~~~~~~~~~~~~~~~~~~~~^^^^^^^^^^^^
  File "/Users/ankitsamant/PROJECT_W/env/lib/python3.14/site-packages/pymysql/err.py", line 150, in raise_mysql_exception
    raise errorclass(errno, errval)
pymysql.err.OperationalError: (1054, "Unknown column 'store_app_order.buyer_shipment_charger' in 'field list'")

The above exception was the direct cause of the following exception:

Traceback (most recent call last):
  File "/Users/ankitsamant/PROJECT_W/env/lib/python3.14/site-packages/django/core/handlers/exception.py", line 55, in inner
    response = get_response(request)
  File "/Users/ankitsamant/PROJECT_W/env/lib/python3.14/site-packages/django/core/handlers/base.py", line 197, in _get_response
    response = wrapped_callback(request, *callback_args, **callback_kwargs)
  File "/Users/ankitsamant/PROJECT_W/env/lib/python3.14/site-packages/django/views/decorators/csrf.py", line 56, in wrapper_view
    return view_func(*args, **kwargs)
  File "/Users/ankitsamant/PROJECT_W/env/lib/python3.14/site-packages/django/views/generic/base.py", line 104, in view
    return self.dispatch(request, *args, **kwargs)
           ~~~~~~~~~~~~~^^^^^^^^^^^^^^^^^^^^^^^^^^
  File "/Users/ankitsamant/PROJECT_W/env/lib/python3.14/site-packages/rest_framework/views.py", line 509, in dispatch
    response = self.handle_exception(exc)
  File "/Users/ankitsamant/PROJECT_W/env/lib/python3.14/site-packages/rest_framework/views.py", line 469, in handle_exception
    self.raise_uncaught_exception(exc)
    ~~~~~~~~~~~~~~~~~~~~~~~~~~~~~^^^^^
  File "/Users/ankitsamant/PROJECT_W/env/lib/python3.14/site-packages/rest_framework/views.py", line 480, in raise_uncaught_exception
    raise exc
  File "/Users/ankitsamant/PROJECT_W/env/lib/python3.14/site-packages/rest_framework/views.py", line 506, in dispatch
    response = handler(request, *args, **kwargs)
  File "/Users/ankitsamant/PROJECT_W/store_app/views.py", line 1874, in get
    "data": serializer.data,
            ^^^^^^^^^^^^^^^
  File "/Users/ankitsamant/PROJECT_W/env/lib/python3.14/site-packages/rest_framework/serializers.py", line 768, in data
    ret = super().data
          ^^^^^^^^^^^^
  File "/Users/ankitsamant/PROJECT_W/env/lib/python3.14/site-packages/rest_framework/serializers.py", line 253, in data
    self._data = self.to_representation(self.instance)
                 ~~~~~~~~~~~~~~~~~~~~~~^^^^^^^^^^^^^^^
  File "/Users/ankitsamant/PROJECT_W/env/lib/python3.14/site-packages/rest_framework/serializers.py", line 687, in to_representation
    self.child.to_representation(item) for item in iterable
                                                   ^^^^^^^^
  File "/Users/ankitsamant/PROJECT_W/env/lib/python3.14/site-packages/django/db/models/query.py", line 398, in __iter__
    self._fetch_all()
    ~~~~~~~~~~~~~~~^^
  File "/Users/ankitsamant/PROJECT_W/env/lib/python3.14/site-packages/django/db/models/query.py", line 1881, in _fetch_all
    self._result_cache = list(self._iterable_class(self))
                         ~~~~^^^^^^^^^^^^^^^^^^^^^^^^^^^^
  File "/Users/ankitsamant/PROJECT_W/env/lib/python3.14/site-packages/django/db/models/query.py", line 91, in __iter__
    results = compiler.execute_sql(
        chunked_fetch=self.chunked_fetch, chunk_size=self.chunk_size
    )
  File "/Users/ankitsamant/PROJECT_W/env/lib/python3.14/site-packages/django/db/models/sql/compiler.py", line 1560, in execute_sql
    cursor.execute(sql, params)
    ~~~~~~~~~~~~~~^^^^^^^^^^^^^
  File "/Users/ankitsamant/PROJECT_W/env/lib/python3.14/site-packages/django/db/backends/utils.py", line 67, in execute
    return self._execute_with_wrappers(
           ~~~~~~~~~~~~~~~~~~~~~~~~~~~^
        sql, params, many=False, executor=self._execute
        ^^^^^^^^^^^^^^^^^^^^^^^^^^^^^^^^^^^^^^^^^^^^^^^
    )
    ^
  File "/Users/ankitsamant/PROJECT_W/env/lib/python3.14/site-packages/django/db/backends/utils.py", line 80, in _execute_with_wrappers
    return executor(sql, params, many, context)
  File "/Users/ankitsamant/PROJECT_W/env/lib/python3.14/site-packages/django/db/backends/utils.py", line 84, in _execute
    with self.db.wrap_database_errors:
         ^^^^^^^^^^^^^^^^^^^^^^^^^^^^
  File "/Users/ankitsamant/PROJECT_W/env/lib/python3.14/site-packages/django/db/utils.py", line 91, in __exit__
    raise dj_exc_value.with_traceback(traceback) from exc_value
  File "/Users/ankitsamant/PROJECT_W/env/lib/python3.14/site-packages/django/db/backends/utils.py", line 89, in _execute
    return self.cursor.execute(sql, params)
           ~~~~~~~~~~~~~~~~~~~^^^^^^^^^^^^^
  File "/Users/ankitsamant/PROJECT_W/env/lib/python3.14/site-packages/django/db/backends/mysql/base.py", line 75, in execute
    return self.cursor.execute(query, args)
           ~~~~~~~~~~~~~~~~~~~^^^^^^^^^^^^^
  File "/Users/ankitsamant/PROJECT_W/env/lib/python3.14/site-packages/pymysql/cursors.py", line 153, in execute
    result = self._query(query)
  File "/Users/ankitsamant/PROJECT_W/env/lib/python3.14/site-packages/pymysql/cursors.py", line 322, in _query
    conn.query(q)
    ~~~~~~~~~~^^^
  File "/Users/ankitsamant/PROJECT_W/env/lib/python3.14/site-packages/pymysql/connections.py", line 575, in query
    self._affected_rows = self._read_query_result(unbuffered=unbuffered)
                          ~~~~~~~~~~~~~~~~~~~~~~~^^^^^^^^^^^^^^^^^^^^^^^
  File "/Users/ankitsamant/PROJECT_W/env/lib/python3.14/site-packages/pymysql/connections.py", line 826, in _read_query_result
    result.read()
    ~~~~~~~~~~~^^
  File "/Users/ankitsamant/PROJECT_W/env/lib/python3.14/site-packages/pymysql/connections.py", line 1203, in read
    first_packet = self.connection._read_packet()
  File "/Users/ankitsamant/PROJECT_W/env/lib/python3.14/site-packages/pymysql/connections.py", line 782, in _read_packet
    packet.raise_for_error()
    ~~~~~~~~~~~~~~~~~~~~~~^^
  File "/Users/ankitsamant/PROJECT_W/env/lib/python3.14/site-packages/pymysql/protocol.py", line 219, in raise_for_error
    err.raise_mysql_exception(self._data)
    ~~~~~~~~~~~~~~~~~~~~~~~~~^^^^^^^^^^^^
  File "/Users/ankitsamant/PROJECT_W/env/lib/python3.14/site-packages/pymysql/err.py", line 150, in raise_mysql_exception
    raise errorclass(errno, errval)
django.db.utils.OperationalError: (1054, "Unknown column 'store_app_order.buyer_shipment_charger' in 'field list'")
ERROR 2026-05-28 09:17:46,047 django.request log:241 Internal Server Error: /api/order-ui-list/
Traceback (most recent call last):
  File "/Users/ankitsamant/PROJECT_W/env/lib/python3.14/site-packages/django/db/backends/utils.py", line 89, in _execute
    return self.cursor.execute(sql, params)
           ~~~~~~~~~~~~~~~~~~~^^^^^^^^^^^^^
  File "/Users/ankitsamant/PROJECT_W/env/lib/python3.14/site-packages/django/db/backends/mysql/base.py", line 75, in execute
    return self.cursor.execute(query, args)
           ~~~~~~~~~~~~~~~~~~~^^^^^^^^^^^^^
  File "/Users/ankitsamant/PROJECT_W/env/lib/python3.14/site-packages/pymysql/cursors.py", line 153, in execute
    result = self._query(query)
  File "/Users/ankitsamant/PROJECT_W/env/lib/python3.14/site-packages/pymysql/cursors.py", line 322, in _query
    conn.query(q)
    ~~~~~~~~~~^^^
  File "/Users/ankitsamant/PROJECT_W/env/lib/python3.14/site-packages/pymysql/connections.py", line 575, in query
    self._affected_rows = self._read_query_result(unbuffered=unbuffered)
                          ~~~~~~~~~~~~~~~~~~~~~~~^^^^^^^^^^^^^^^^^^^^^^^
  File "/Users/ankitsamant/PROJECT_W/env/lib/python3.14/site-packages/pymysql/connections.py", line 826, in _read_query_result
    result.read()
    ~~~~~~~~~~~^^
  File "/Users/ankitsamant/PROJECT_W/env/lib/python3.14/site-packages/pymysql/connections.py", line 1203, in read
    first_packet = self.connection._read_packet()
  File "/Users/ankitsamant/PROJECT_W/env/lib/python3.14/site-packages/pymysql/connections.py", line 782, in _read_packet
    packet.raise_for_error()
    ~~~~~~~~~~~~~~~~~~~~~~^^
  File "/Users/ankitsamant/PROJECT_W/env/lib/python3.14/site-packages/pymysql/protocol.py", line 219, in raise_for_error
    err.raise_mysql_exception(self._data)
    ~~~~~~~~~~~~~~~~~~~~~~~~~^^^^^^^^^^^^
  File "/Users/ankitsamant/PROJECT_W/env/lib/python3.14/site-packages/pymysql/err.py", line 150, in raise_mysql_exception
    raise errorclass(errno, errval)
pymysql.err.OperationalError: (1054, "Unknown column 'store_app_order.buyer_shipment_charger' in 'field list'")

The above exception was the direct cause of the following exception:

Traceback (most recent call last):
  File "/Users/ankitsamant/PROJECT_W/env/lib/python3.14/site-packages/django/core/handlers/exception.py", line 55, in inner
    response = get_response(request)
  File "/Users/ankitsamant/PROJECT_W/env/lib/python3.14/site-packages/django/core/handlers/base.py", line 197, in _get_response
    response = wrapped_callback(request, *callback_args, **callback_kwargs)
  File "/Users/ankitsamant/PROJECT_W/env/lib/python3.14/site-packages/django/views/decorators/csrf.py", line 56, in wrapper_view
    return view_func(*args, **kwargs)
  File "/Users/ankitsamant/PROJECT_W/env/lib/python3.14/site-packages/django/views/generic/base.py", line 104, in view
    return self.dispatch(request, *args, **kwargs)
           ~~~~~~~~~~~~~^^^^^^^^^^^^^^^^^^^^^^^^^^
  File "/Users/ankitsamant/PROJECT_W/env/lib/python3.14/site-packages/rest_framework/views.py", line 509, in dispatch
    response = self.handle_exception(exc)
  File "/Users/ankitsamant/PROJECT_W/env/lib/python3.14/site-packages/rest_framework/views.py", line 469, in handle_exception
    self.raise_uncaught_exception(exc)
    ~~~~~~~~~~~~~~~~~~~~~~~~~~~~~^^^^^
  File "/Users/ankitsamant/PROJECT_W/env/lib/python3.14/site-packages/rest_framework/views.py", line 480, in raise_uncaught_exception
    raise exc
  File "/Users/ankitsamant/PROJECT_W/env/lib/python3.14/site-packages/rest_framework/views.py", line 506, in dispatch
    response = handler(request, *args, **kwargs)
  File "/Users/ankitsamant/PROJECT_W/store_app/views.py", line 1874, in get
    "data": serializer.data,
            ^^^^^^^^^^^^^^^
  File "/Users/ankitsamant/PROJECT_W/env/lib/python3.14/site-packages/rest_framework/serializers.py", line 768, in data
    ret = super().data
          ^^^^^^^^^^^^
  File "/Users/ankitsamant/PROJECT_W/env/lib/python3.14/site-packages/rest_framework/serializers.py", line 253, in data
    self._data = self.to_representation(self.instance)
                 ~~~~~~~~~~~~~~~~~~~~~~^^^^^^^^^^^^^^^
  File "/Users/ankitsamant/PROJECT_W/env/lib/python3.14/site-packages/rest_framework/serializers.py", line 687, in to_representation
    self.child.to_representation(item) for item in iterable
                                                   ^^^^^^^^
  File "/Users/ankitsamant/PROJECT_W/env/lib/python3.14/site-packages/django/db/models/query.py", line 398, in __iter__
    self._fetch_all()
    ~~~~~~~~~~~~~~~^^
  File "/Users/ankitsamant/PROJECT_W/env/lib/python3.14/site-packages/django/db/models/query.py", line 1881, in _fetch_all
    self._result_cache = list(self._iterable_class(self))
                         ~~~~^^^^^^^^^^^^^^^^^^^^^^^^^^^^
  File "/Users/ankitsamant/PROJECT_W/env/lib/python3.14/site-packages/django/db/models/query.py", line 91, in __iter__
    results = compiler.execute_sql(
        chunked_fetch=self.chunked_fetch, chunk_size=self.chunk_size
    )
  File "/Users/ankitsamant/PROJECT_W/env/lib/python3.14/site-packages/django/db/models/sql/compiler.py", line 1560, in execute_sql
    cursor.execute(sql, params)
    ~~~~~~~~~~~~~~^^^^^^^^^^^^^
  File "/Users/ankitsamant/PROJECT_W/env/lib/python3.14/site-packages/django/db/backends/utils.py", line 67, in execute
    return self._execute_with_wrappers(
           ~~~~~~~~~~~~~~~~~~~~~~~~~~~^
        sql, params, many=False, executor=self._execute
        ^^^^^^^^^^^^^^^^^^^^^^^^^^^^^^^^^^^^^^^^^^^^^^^
    )
    ^
  File "/Users/ankitsamant/PROJECT_W/env/lib/python3.14/site-packages/django/db/backends/utils.py", line 80, in _execute_with_wrappers
    return executor(sql, params, many, context)
  File "/Users/ankitsamant/PROJECT_W/env/lib/python3.14/site-packages/django/db/backends/utils.py", line 84, in _execute
    with self.db.wrap_database_errors:
         ^^^^^^^^^^^^^^^^^^^^^^^^^^^^
  File "/Users/ankitsamant/PROJECT_W/env/lib/python3.14/site-packages/django/db/utils.py", line 91, in __exit__
    raise dj_exc_value.with_traceback(traceback) from exc_value
  File "/Users/ankitsamant/PROJECT_W/env/lib/python3.14/site-packages/django/db/backends/utils.py", line 89, in _execute
    return self.cursor.execute(sql, params)
           ~~~~~~~~~~~~~~~~~~~^^^^^^^^^^^^^
  File "/Users/ankitsamant/PROJECT_W/env/lib/python3.14/site-packages/django/db/backends/mysql/base.py", line 75, in execute
    return self.cursor.execute(query, args)
           ~~~~~~~~~~~~~~~~~~~^^^^^^^^^^^^^
  File "/Users/ankitsamant/PROJECT_W/env/lib/python3.14/site-packages/pymysql/cursors.py", line 153, in execute
    result = self._query(query)
  File "/Users/ankitsamant/PROJECT_W/env/lib/python3.14/site-packages/pymysql/cursors.py", line 322, in _query
    conn.query(q)
    ~~~~~~~~~~^^^
  File "/Users/ankitsamant/PROJECT_W/env/lib/python3.14/site-packages/pymysql/connections.py", line 575, in query
    self._affected_rows = self._read_query_result(unbuffered=unbuffered)
                          ~~~~~~~~~~~~~~~~~~~~~~~^^^^^^^^^^^^^^^^^^^^^^^
  File "/Users/ankitsamant/PROJECT_W/env/lib/python3.14/site-packages/pymysql/connections.py", line 826, in _read_query_result
    result.read()
    ~~~~~~~~~~~^^
  File "/Users/ankitsamant/PROJECT_W/env/lib/python3.14/site-packages/pymysql/connections.py", line 1203, in read
    first_packet = self.connection._read_packet()
  File "/Users/ankitsamant/PROJECT_W/env/lib/python3.14/site-packages/pymysql/connections.py", line 782, in _read_packet
    packet.raise_for_error()
    ~~~~~~~~~~~~~~~~~~~~~~^^
  File "/Users/ankitsamant/PROJECT_W/env/lib/python3.14/site-packages/pymysql/protocol.py", line 219, in raise_for_error
    err.raise_mysql_exception(self._data)
    ~~~~~~~~~~~~~~~~~~~~~~~~~^^^^^^^^^^^^
  File "/Users/ankitsamant/PROJECT_W/env/lib/python3.14/site-packages/pymysql/err.py", line 150, in raise_mysql_exception
    raise errorclass(errno, errval)
django.db.utils.OperationalError: (1054, "Unknown column 'store_app_order.buyer_shipment_charger' in 'field list'")
ERROR 2026-05-28 09:28:22,085 django.request log:241 Internal Server Error: /api/order-ui-list/
Traceback (most recent call last):
  File "/Users/ankitsamant/PROJECT_W/env/lib/python3.14/site-packages/django/db/backends/utils.py", line 89, in _execute
    return self.cursor.execute(sql, params)
           ~~~~~~~~~~~~~~~~~~~^^^^^^^^^^^^^
  File "/Users/ankitsamant/PROJECT_W/env/lib/python3.14/site-packages/django/db/backends/mysql/base.py", line 75, in execute
    return self.cursor.execute(query, args)
           ~~~~~~~~~~~~~~~~~~~^^^^^^^^^^^^^
  File "/Users/ankitsamant/PROJECT_W/env/lib/python3.14/site-packages/pymysql/cursors.py", line 153, in execute
    result = self._query(query)
  File "/Users/ankitsamant/PROJECT_W/env/lib/python3.14/site-packages/pymysql/cursors.py", line 322, in _query
    conn.query(q)
    ~~~~~~~~~~^^^
  File "/Users/ankitsamant/PROJECT_W/env/lib/python3.14/site-packages/pymysql/connections.py", line 575, in query
    self._affected_rows = self._read_query_result(unbuffered=unbuffered)
                          ~~~~~~~~~~~~~~~~~~~~~~~^^^^^^^^^^^^^^^^^^^^^^^
  File "/Users/ankitsamant/PROJECT_W/env/lib/python3.14/site-packages/pymysql/connections.py", line 826, in _read_query_result
    result.read()
    ~~~~~~~~~~~^^
  File "/Users/ankitsamant/PROJECT_W/env/lib/python3.14/site-packages/pymysql/connections.py", line 1203, in read
    first_packet = self.connection._read_packet()
  File "/Users/ankitsamant/PROJECT_W/env/lib/python3.14/site-packages/pymysql/connections.py", line 782, in _read_packet
    packet.raise_for_error()
    ~~~~~~~~~~~~~~~~~~~~~~^^
  File "/Users/ankitsamant/PROJECT_W/env/lib/python3.14/site-packages/pymysql/protocol.py", line 219, in raise_for_error
    err.raise_mysql_exception(self._data)
    ~~~~~~~~~~~~~~~~~~~~~~~~~^^^^^^^^^^^^
  File "/Users/ankitsamant/PROJECT_W/env/lib/python3.14/site-packages/pymysql/err.py", line 150, in raise_mysql_exception
    raise errorclass(errno, errval)
pymysql.err.OperationalError: (1054, "Unknown column 'store_app_order.buyer_shipment_charger' in 'field list'")

The above exception was the direct cause of the following exception:

Traceback (most recent call last):
  File "/Users/ankitsamant/PROJECT_W/env/lib/python3.14/site-packages/django/core/handlers/exception.py", line 55, in inner
    response = get_response(request)
  File "/Users/ankitsamant/PROJECT_W/env/lib/python3.14/site-packages/django/core/handlers/base.py", line 197, in _get_response
    response = wrapped_callback(request, *callback_args, **callback_kwargs)
  File "/Users/ankitsamant/PROJECT_W/env/lib/python3.14/site-packages/django/views/decorators/csrf.py", line 56, in wrapper_view
    return view_func(*args, **kwargs)
  File "/Users/ankitsamant/PROJECT_W/env/lib/python3.14/site-packages/django/views/generic/base.py", line 104, in view
    return self.dispatch(request, *args, **kwargs)
           ~~~~~~~~~~~~~^^^^^^^^^^^^^^^^^^^^^^^^^^
  File "/Users/ankitsamant/PROJECT_W/env/lib/python3.14/site-packages/rest_framework/views.py", line 509, in dispatch
    response = self.handle_exception(exc)
  File "/Users/ankitsamant/PROJECT_W/env/lib/python3.14/site-packages/rest_framework/views.py", line 469, in handle_exception
    self.raise_uncaught_exception(exc)
    ~~~~~~~~~~~~~~~~~~~~~~~~~~~~~^^^^^
  File "/Users/ankitsamant/PROJECT_W/env/lib/python3.14/site-packages/rest_framework/views.py", line 480, in raise_uncaught_exception
    raise exc
  File "/Users/ankitsamant/PROJECT_W/env/lib/python3.14/site-packages/rest_framework/views.py", line 506, in dispatch
    response = handler(request, *args, **kwargs)
  File "/Users/ankitsamant/PROJECT_W/store_app/views.py", line 1874, in get
    "data": serializer.data,
            ^^^^^^^^^^^^^^^
  File "/Users/ankitsamant/PROJECT_W/env/lib/python3.14/site-packages/rest_framework/serializers.py", line 768, in data
    ret = super().data
          ^^^^^^^^^^^^
  File "/Users/ankitsamant/PROJECT_W/env/lib/python3.14/site-packages/rest_framework/serializers.py", line 253, in data
    self._data = self.to_representation(self.instance)
                 ~~~~~~~~~~~~~~~~~~~~~~^^^^^^^^^^^^^^^
  File "/Users/ankitsamant/PROJECT_W/env/lib/python3.14/site-packages/rest_framework/serializers.py", line 687, in to_representation
    self.child.to_representation(item) for item in iterable
                                                   ^^^^^^^^
  File "/Users/ankitsamant/PROJECT_W/env/lib/python3.14/site-packages/django/db/models/query.py", line 398, in __iter__
    self._fetch_all()
    ~~~~~~~~~~~~~~~^^
  File "/Users/ankitsamant/PROJECT_W/env/lib/python3.14/site-packages/django/db/models/query.py", line 1881, in _fetch_all
    self._result_cache = list(self._iterable_class(self))
                         ~~~~^^^^^^^^^^^^^^^^^^^^^^^^^^^^
  File "/Users/ankitsamant/PROJECT_W/env/lib/python3.14/site-packages/django/db/models/query.py", line 91, in __iter__
    results = compiler.execute_sql(
        chunked_fetch=self.chunked_fetch, chunk_size=self.chunk_size
    )
  File "/Users/ankitsamant/PROJECT_W/env/lib/python3.14/site-packages/django/db/models/sql/compiler.py", line 1560, in execute_sql
    cursor.execute(sql, params)
    ~~~~~~~~~~~~~~^^^^^^^^^^^^^
  File "/Users/ankitsamant/PROJECT_W/env/lib/python3.14/site-packages/django/db/backends/utils.py", line 67, in execute
    return self._execute_with_wrappers(
           ~~~~~~~~~~~~~~~~~~~~~~~~~~~^
        sql, params, many=False, executor=self._execute
        ^^^^^^^^^^^^^^^^^^^^^^^^^^^^^^^^^^^^^^^^^^^^^^^
    )
    ^
  File "/Users/ankitsamant/PROJECT_W/env/lib/python3.14/site-packages/django/db/backends/utils.py", line 80, in _execute_with_wrappers
    return executor(sql, params, many, context)
  File "/Users/ankitsamant/PROJECT_W/env/lib/python3.14/site-packages/django/db/backends/utils.py", line 84, in _execute
    with self.db.wrap_database_errors:
         ^^^^^^^^^^^^^^^^^^^^^^^^^^^^
  File "/Users/ankitsamant/PROJECT_W/env/lib/python3.14/site-packages/django/db/utils.py", line 91, in __exit__
    raise dj_exc_value.with_traceback(traceback) from exc_value
  File "/Users/ankitsamant/PROJECT_W/env/lib/python3.14/site-packages/django/db/backends/utils.py", line 89, in _execute
    return self.cursor.execute(sql, params)
           ~~~~~~~~~~~~~~~~~~~^^^^^^^^^^^^^
  File "/Users/ankitsamant/PROJECT_W/env/lib/python3.14/site-packages/django/db/backends/mysql/base.py", line 75, in execute
    return self.cursor.execute(query, args)
           ~~~~~~~~~~~~~~~~~~~^^^^^^^^^^^^^
  File "/Users/ankitsamant/PROJECT_W/env/lib/python3.14/site-packages/pymysql/cursors.py", line 153, in execute
    result = self._query(query)
  File "/Users/ankitsamant/PROJECT_W/env/lib/python3.14/site-packages/pymysql/cursors.py", line 322, in _query
    conn.query(q)
    ~~~~~~~~~~^^^
  File "/Users/ankitsamant/PROJECT_W/env/lib/python3.14/site-packages/pymysql/connections.py", line 575, in query
    self._affected_rows = self._read_query_result(unbuffered=unbuffered)
                          ~~~~~~~~~~~~~~~~~~~~~~~^^^^^^^^^^^^^^^^^^^^^^^
  File "/Users/ankitsamant/PROJECT_W/env/lib/python3.14/site-packages/pymysql/connections.py", line 826, in _read_query_result
    result.read()
    ~~~~~~~~~~~^^
  File "/Users/ankitsamant/PROJECT_W/env/lib/python3.14/site-packages/pymysql/connections.py", line 1203, in read
    first_packet = self.connection._read_packet()
  File "/Users/ankitsamant/PROJECT_W/env/lib/python3.14/site-packages/pymysql/connections.py", line 782, in _read_packet
    packet.raise_for_error()
    ~~~~~~~~~~~~~~~~~~~~~~^^
  File "/Users/ankitsamant/PROJECT_W/env/lib/python3.14/site-packages/pymysql/protocol.py", line 219, in raise_for_error
    err.raise_mysql_exception(self._data)
    ~~~~~~~~~~~~~~~~~~~~~~~~~^^^^^^^^^^^^
  File "/Users/ankitsamant/PROJECT_W/env/lib/python3.14/site-packages/pymysql/err.py", line 150, in raise_mysql_exception
    raise errorclass(errno, errval)
django.db.utils.OperationalError: (1054, "Unknown column 'store_app_order.buyer_shipment_charger' in 'field list'")
ERROR 2026-05-28 09:36:11,982 django.request log:241 Internal Server Error: /api/order-ui-list/
Traceback (most recent call last):
  File "/Users/ankitsamant/PROJECT_W/env/lib/python3.14/site-packages/django/db/backends/utils.py", line 89, in _execute
    return self.cursor.execute(sql, params)
           ~~~~~~~~~~~~~~~~~~~^^^^^^^^^^^^^
  File "/Users/ankitsamant/PROJECT_W/env/lib/python3.14/site-packages/django/db/backends/mysql/base.py", line 75, in execute
    return self.cursor.execute(query, args)
           ~~~~~~~~~~~~~~~~~~~^^^^^^^^^^^^^
  File "/Users/ankitsamant/PROJECT_W/env/lib/python3.14/site-packages/pymysql/cursors.py", line 153, in execute
    result = self._query(query)
  File "/Users/ankitsamant/PROJECT_W/env/lib/python3.14/site-packages/pymysql/cursors.py", line 322, in _query
    conn.query(q)
    ~~~~~~~~~~^^^
  File "/Users/ankitsamant/PROJECT_W/env/lib/python3.14/site-packages/pymysql/connections.py", line 575, in query
    self._affected_rows = self._read_query_result(unbuffered=unbuffered)
                          ~~~~~~~~~~~~~~~~~~~~~~~^^^^^^^^^^^^^^^^^^^^^^^
  File "/Users/ankitsamant/PROJECT_W/env/lib/python3.14/site-packages/pymysql/connections.py", line 826, in _read_query_result
    result.read()
    ~~~~~~~~~~~^^
  File "/Users/ankitsamant/PROJECT_W/env/lib/python3.14/site-packages/pymysql/connections.py", line 1203, in read
    first_packet = self.connection._read_packet()
  File "/Users/ankitsamant/PROJECT_W/env/lib/python3.14/site-packages/pymysql/connections.py", line 782, in _read_packet
    packet.raise_for_error()
    ~~~~~~~~~~~~~~~~~~~~~~^^
  File "/Users/ankitsamant/PROJECT_W/env/lib/python3.14/site-packages/pymysql/protocol.py", line 219, in raise_for_error
    err.raise_mysql_exception(self._data)
    ~~~~~~~~~~~~~~~~~~~~~~~~~^^^^^^^^^^^^
  File "/Users/ankitsamant/PROJECT_W/env/lib/python3.14/site-packages/pymysql/err.py", line 150, in raise_mysql_exception
    raise errorclass(errno, errval)
pymysql.err.OperationalError: (1054, "Unknown column 'store_app_order.buyer_shipment_charger' in 'field list'")

The above exception was the direct cause of the following exception:

Traceback (most recent call last):
  File "/Users/ankitsamant/PROJECT_W/env/lib/python3.14/site-packages/django/core/handlers/exception.py", line 55, in inner
    response = get_response(request)
  File "/Users/ankitsamant/PROJECT_W/env/lib/python3.14/site-packages/django/core/handlers/base.py", line 197, in _get_response
    response = wrapped_callback(request, *callback_args, **callback_kwargs)
  File "/Users/ankitsamant/PROJECT_W/env/lib/python3.14/site-packages/django/views/decorators/csrf.py", line 56, in wrapper_view
    return view_func(*args, **kwargs)
  File "/Users/ankitsamant/PROJECT_W/env/lib/python3.14/site-packages/django/views/generic/base.py", line 104, in view
    return self.dispatch(request, *args, **kwargs)
           ~~~~~~~~~~~~~^^^^^^^^^^^^^^^^^^^^^^^^^^
  File "/Users/ankitsamant/PROJECT_W/env/lib/python3.14/site-packages/rest_framework/views.py", line 509, in dispatch
    response = self.handle_exception(exc)
  File "/Users/ankitsamant/PROJECT_W/env/lib/python3.14/site-packages/rest_framework/views.py", line 469, in handle_exception
    self.raise_uncaught_exception(exc)
    ~~~~~~~~~~~~~~~~~~~~~~~~~~~~~^^^^^
  File "/Users/ankitsamant/PROJECT_W/env/lib/python3.14/site-packages/rest_framework/views.py", line 480, in raise_uncaught_exception
    raise exc
  File "/Users/ankitsamant/PROJECT_W/env/lib/python3.14/site-packages/rest_framework/views.py", line 506, in dispatch
    response = handler(request, *args, **kwargs)
  File "/Users/ankitsamant/PROJECT_W/store_app/views.py", line 1874, in get
    "data": serializer.data,
            ^^^^^^^^^^^^^^^
  File "/Users/ankitsamant/PROJECT_W/env/lib/python3.14/site-packages/rest_framework/serializers.py", line 768, in data
    ret = super().data
          ^^^^^^^^^^^^
  File "/Users/ankitsamant/PROJECT_W/env/lib/python3.14/site-packages/rest_framework/serializers.py", line 253, in data
    self._data = self.to_representation(self.instance)
                 ~~~~~~~~~~~~~~~~~~~~~~^^^^^^^^^^^^^^^
  File "/Users/ankitsamant/PROJECT_W/env/lib/python3.14/site-packages/rest_framework/serializers.py", line 687, in to_representation
    self.child.to_representation(item) for item in iterable
                                                   ^^^^^^^^
  File "/Users/ankitsamant/PROJECT_W/env/lib/python3.14/site-packages/django/db/models/query.py", line 398, in __iter__
    self._fetch_all()
    ~~~~~~~~~~~~~~~^^
  File "/Users/ankitsamant/PROJECT_W/env/lib/python3.14/site-packages/django/db/models/query.py", line 1881, in _fetch_all
    self._result_cache = list(self._iterable_class(self))
                         ~~~~^^^^^^^^^^^^^^^^^^^^^^^^^^^^
  File "/Users/ankitsamant/PROJECT_W/env/lib/python3.14/site-packages/django/db/models/query.py", line 91, in __iter__
    results = compiler.execute_sql(
        chunked_fetch=self.chunked_fetch, chunk_size=self.chunk_size
    )
  File "/Users/ankitsamant/PROJECT_W/env/lib/python3.14/site-packages/django/db/models/sql/compiler.py", line 1560, in execute_sql
    cursor.execute(sql, params)
    ~~~~~~~~~~~~~~^^^^^^^^^^^^^
  File "/Users/ankitsamant/PROJECT_W/env/lib/python3.14/site-packages/django/db/backends/utils.py", line 67, in execute
    return self._execute_with_wrappers(
           ~~~~~~~~~~~~~~~~~~~~~~~~~~~^
        sql, params, many=False, executor=self._execute
        ^^^^^^^^^^^^^^^^^^^^^^^^^^^^^^^^^^^^^^^^^^^^^^^
    )
    ^
  File "/Users/ankitsamant/PROJECT_W/env/lib/python3.14/site-packages/django/db/backends/utils.py", line 80, in _execute_with_wrappers
    return executor(sql, params, many, context)
  File "/Users/ankitsamant/PROJECT_W/env/lib/python3.14/site-packages/django/db/backends/utils.py", line 84, in _execute
    with self.db.wrap_database_errors:
         ^^^^^^^^^^^^^^^^^^^^^^^^^^^^
  File "/Users/ankitsamant/PROJECT_W/env/lib/python3.14/site-packages/django/db/utils.py", line 91, in __exit__
    raise dj_exc_value.with_traceback(traceback) from exc_value
  File "/Users/ankitsamant/PROJECT_W/env/lib/python3.14/site-packages/django/db/backends/utils.py", line 89, in _execute
    return self.cursor.execute(sql, params)
           ~~~~~~~~~~~~~~~~~~~^^^^^^^^^^^^^
  File "/Users/ankitsamant/PROJECT_W/env/lib/python3.14/site-packages/django/db/backends/mysql/base.py", line 75, in execute
    return self.cursor.execute(query, args)
           ~~~~~~~~~~~~~~~~~~~^^^^^^^^^^^^^
  File "/Users/ankitsamant/PROJECT_W/env/lib/python3.14/site-packages/pymysql/cursors.py", line 153, in execute
    result = self._query(query)
  File "/Users/ankitsamant/PROJECT_W/env/lib/python3.14/site-packages/pymysql/cursors.py", line 322, in _query
    conn.query(q)
    ~~~~~~~~~~^^^
  File "/Users/ankitsamant/PROJECT_W/env/lib/python3.14/site-packages/pymysql/connections.py", line 575, in query
    self._affected_rows = self._read_query_result(unbuffered=unbuffered)
                          ~~~~~~~~~~~~~~~~~~~~~~~^^^^^^^^^^^^^^^^^^^^^^^
  File "/Users/ankitsamant/PROJECT_W/env/lib/python3.14/site-packages/pymysql/connections.py", line 826, in _read_query_result
    result.read()
    ~~~~~~~~~~~^^
  File "/Users/ankitsamant/PROJECT_W/env/lib/python3.14/site-packages/pymysql/connections.py", line 1203, in read
    first_packet = self.connection._read_packet()
  File "/Users/ankitsamant/PROJECT_W/env/lib/python3.14/site-packages/pymysql/connections.py", line 782, in _read_packet
    packet.raise_for_error()
    ~~~~~~~~~~~~~~~~~~~~~~^^
  File "/Users/ankitsamant/PROJECT_W/env/lib/python3.14/site-packages/pymysql/protocol.py", line 219, in raise_for_error
    err.raise_mysql_exception(self._data)
    ~~~~~~~~~~~~~~~~~~~~~~~~~^^^^^^^^^^^^
  File "/Users/ankitsamant/PROJECT_W/env/lib/python3.14/site-packages/pymysql/err.py", line 150, in raise_mysql_exception
    raise errorclass(errno, errval)
django.db.utils.OperationalError: (1054, "Unknown column 'store_app_order.buyer_shipment_charger' in 'field list'")
ERROR 2026-05-28 09:37:32,543 django.request log:241 Internal Server Error: /api/order-ui-list/
Traceback (most recent call last):
  File "/Users/ankitsamant/PROJECT_W/env/lib/python3.14/site-packages/django/db/backends/utils.py", line 89, in _execute
    return self.cursor.execute(sql, params)
           ~~~~~~~~~~~~~~~~~~~^^^^^^^^^^^^^
  File "/Users/ankitsamant/PROJECT_W/env/lib/python3.14/site-packages/django/db/backends/mysql/base.py", line 75, in execute
    return self.cursor.execute(query, args)
           ~~~~~~~~~~~~~~~~~~~^^^^^^^^^^^^^
  File "/Users/ankitsamant/PROJECT_W/env/lib/python3.14/site-packages/pymysql/cursors.py", line 153, in execute
    result = self._query(query)
  File "/Users/ankitsamant/PROJECT_W/env/lib/python3.14/site-packages/pymysql/cursors.py", line 322, in _query
    conn.query(q)
    ~~~~~~~~~~^^^
  File "/Users/ankitsamant/PROJECT_W/env/lib/python3.14/site-packages/pymysql/connections.py", line 575, in query
    self._affected_rows = self._read_query_result(unbuffered=unbuffered)
                          ~~~~~~~~~~~~~~~~~~~~~~~^^^^^^^^^^^^^^^^^^^^^^^
  File "/Users/ankitsamant/PROJECT_W/env/lib/python3.14/site-packages/pymysql/connections.py", line 826, in _read_query_result
    result.read()
    ~~~~~~~~~~~^^
  File "/Users/ankitsamant/PROJECT_W/env/lib/python3.14/site-packages/pymysql/connections.py", line 1203, in read
    first_packet = self.connection._read_packet()
  File "/Users/ankitsamant/PROJECT_W/env/lib/python3.14/site-packages/pymysql/connections.py", line 782, in _read_packet
    packet.raise_for_error()
    ~~~~~~~~~~~~~~~~~~~~~~^^
  File "/Users/ankitsamant/PROJECT_W/env/lib/python3.14/site-packages/pymysql/protocol.py", line 219, in raise_for_error
    err.raise_mysql_exception(self._data)
    ~~~~~~~~~~~~~~~~~~~~~~~~~^^^^^^^^^^^^
  File "/Users/ankitsamant/PROJECT_W/env/lib/python3.14/site-packages/pymysql/err.py", line 150, in raise_mysql_exception
    raise errorclass(errno, errval)
pymysql.err.OperationalError: (1054, "Unknown column 'store_app_order.refunded_amount' in 'field list'")

The above exception was the direct cause of the following exception:

Traceback (most recent call last):
  File "/Users/ankitsamant/PROJECT_W/env/lib/python3.14/site-packages/django/core/handlers/exception.py", line 55, in inner
    response = get_response(request)
  File "/Users/ankitsamant/PROJECT_W/env/lib/python3.14/site-packages/django/core/handlers/base.py", line 197, in _get_response
    response = wrapped_callback(request, *callback_args, **callback_kwargs)
  File "/Users/ankitsamant/PROJECT_W/env/lib/python3.14/site-packages/django/views/decorators/csrf.py", line 56, in wrapper_view
    return view_func(*args, **kwargs)
  File "/Users/ankitsamant/PROJECT_W/env/lib/python3.14/site-packages/django/views/generic/base.py", line 104, in view
    return self.dispatch(request, *args, **kwargs)
           ~~~~~~~~~~~~~^^^^^^^^^^^^^^^^^^^^^^^^^^
  File "/Users/ankitsamant/PROJECT_W/env/lib/python3.14/site-packages/rest_framework/views.py", line 509, in dispatch
    response = self.handle_exception(exc)
  File "/Users/ankitsamant/PROJECT_W/env/lib/python3.14/site-packages/rest_framework/views.py", line 469, in handle_exception
    self.raise_uncaught_exception(exc)
    ~~~~~~~~~~~~~~~~~~~~~~~~~~~~~^^^^^
  File "/Users/ankitsamant/PROJECT_W/env/lib/python3.14/site-packages/rest_framework/views.py", line 480, in raise_uncaught_exception
    raise exc
  File "/Users/ankitsamant/PROJECT_W/env/lib/python3.14/site-packages/rest_framework/views.py", line 506, in dispatch
    response = handler(request, *args, **kwargs)
  File "/Users/ankitsamant/PROJECT_W/store_app/views.py", line 1874, in get
    "data": serializer.data,
            ^^^^^^^^^^^^^^^
  File "/Users/ankitsamant/PROJECT_W/env/lib/python3.14/site-packages/rest_framework/serializers.py", line 768, in data
    ret = super().data
          ^^^^^^^^^^^^
  File "/Users/ankitsamant/PROJECT_W/env/lib/python3.14/site-packages/rest_framework/serializers.py", line 253, in data
    self._data = self.to_representation(self.instance)
                 ~~~~~~~~~~~~~~~~~~~~~~^^^^^^^^^^^^^^^
  File "/Users/ankitsamant/PROJECT_W/env/lib/python3.14/site-packages/rest_framework/serializers.py", line 687, in to_representation
    self.child.to_representation(item) for item in iterable
                                                   ^^^^^^^^
  File "/Users/ankitsamant/PROJECT_W/env/lib/python3.14/site-packages/django/db/models/query.py", line 398, in __iter__
    self._fetch_all()
    ~~~~~~~~~~~~~~~^^
  File "/Users/ankitsamant/PROJECT_W/env/lib/python3.14/site-packages/django/db/models/query.py", line 1881, in _fetch_all
    self._result_cache = list(self._iterable_class(self))
                         ~~~~^^^^^^^^^^^^^^^^^^^^^^^^^^^^
  File "/Users/ankitsamant/PROJECT_W/env/lib/python3.14/site-packages/django/db/models/query.py", line 91, in __iter__
    results = compiler.execute_sql(
        chunked_fetch=self.chunked_fetch, chunk_size=self.chunk_size
    )
  File "/Users/ankitsamant/PROJECT_W/env/lib/python3.14/site-packages/django/db/models/sql/compiler.py", line 1560, in execute_sql
    cursor.execute(sql, params)
    ~~~~~~~~~~~~~~^^^^^^^^^^^^^
  File "/Users/ankitsamant/PROJECT_W/env/lib/python3.14/site-packages/django/db/backends/utils.py", line 67, in execute
    return self._execute_with_wrappers(
           ~~~~~~~~~~~~~~~~~~~~~~~~~~~^
        sql, params, many=False, executor=self._execute
        ^^^^^^^^^^^^^^^^^^^^^^^^^^^^^^^^^^^^^^^^^^^^^^^
    )
    ^
  File "/Users/ankitsamant/PROJECT_W/env/lib/python3.14/site-packages/django/db/backends/utils.py", line 80, in _execute_with_wrappers
    return executor(sql, params, many, context)
  File "/Users/ankitsamant/PROJECT_W/env/lib/python3.14/site-packages/django/db/backends/utils.py", line 84, in _execute
    with self.db.wrap_database_errors:
         ^^^^^^^^^^^^^^^^^^^^^^^^^^^^
  File "/Users/ankitsamant/PROJECT_W/env/lib/python3.14/site-packages/django/db/utils.py", line 91, in __exit__
    raise dj_exc_value.with_traceback(traceback) from exc_value
  File "/Users/ankitsamant/PROJECT_W/env/lib/python3.14/site-packages/django/db/backends/utils.py", line 89, in _execute
    return self.cursor.execute(sql, params)
           ~~~~~~~~~~~~~~~~~~~^^^^^^^^^^^^^
  File "/Users/ankitsamant/PROJECT_W/env/lib/python3.14/site-packages/django/db/backends/mysql/base.py", line 75, in execute
    return self.cursor.execute(query, args)
           ~~~~~~~~~~~~~~~~~~~^^^^^^^^^^^^^
  File "/Users/ankitsamant/PROJECT_W/env/lib/python3.14/site-packages/pymysql/cursors.py", line 153, in execute
    result = self._query(query)
  File "/Users/ankitsamant/PROJECT_W/env/lib/python3.14/site-packages/pymysql/cursors.py", line 322, in _query
    conn.query(q)
    ~~~~~~~~~~^^^
  File "/Users/ankitsamant/PROJECT_W/env/lib/python3.14/site-packages/pymysql/connections.py", line 575, in query
    self._affected_rows = self._read_query_result(unbuffered=unbuffered)
                          ~~~~~~~~~~~~~~~~~~~~~~~^^^^^^^^^^^^^^^^^^^^^^^
  File "/Users/ankitsamant/PROJECT_W/env/lib/python3.14/site-packages/pymysql/connections.py", line 826, in _read_query_result
    result.read()
    ~~~~~~~~~~~^^
  File "/Users/ankitsamant/PROJECT_W/env/lib/python3.14/site-packages/pymysql/connections.py", line 1203, in read
    first_packet = self.connection._read_packet()
  File "/Users/ankitsamant/PROJECT_W/env/lib/python3.14/site-packages/pymysql/connections.py", line 782, in _read_packet
    packet.raise_for_error()
    ~~~~~~~~~~~~~~~~~~~~~~^^
  File "/Users/ankitsamant/PROJECT_W/env/lib/python3.14/site-packages/pymysql/protocol.py", line 219, in raise_for_error
    err.raise_mysql_exception(self._data)
    ~~~~~~~~~~~~~~~~~~~~~~~~~^^^^^^^^^^^^
  File "/Users/ankitsamant/PROJECT_W/env/lib/python3.14/site-packages/pymysql/err.py", line 150, in raise_mysql_exception
    raise errorclass(errno, errval)
django.db.utils.OperationalError: (1054, "Unknown column 'store_app_order.refunded_amount' in 'field list'")
ERROR 2026-05-28 09:37:33,440 django.request log:241 Internal Server Error: /api/order-ui-list/
Traceback (most recent call last):
  File "/Users/ankitsamant/PROJECT_W/env/lib/python3.14/site-packages/django/db/backends/utils.py", line 89, in _execute
    return self.cursor.execute(sql, params)
           ~~~~~~~~~~~~~~~~~~~^^^^^^^^^^^^^
  File "/Users/ankitsamant/PROJECT_W/env/lib/python3.14/site-packages/django/db/backends/mysql/base.py", line 75, in execute
    return self.cursor.execute(query, args)
           ~~~~~~~~~~~~~~~~~~~^^^^^^^^^^^^^
  File "/Users/ankitsamant/PROJECT_W/env/lib/python3.14/site-packages/pymysql/cursors.py", line 153, in execute
    result = self._query(query)
  File "/Users/ankitsamant/PROJECT_W/env/lib/python3.14/site-packages/pymysql/cursors.py", line 322, in _query
    conn.query(q)
    ~~~~~~~~~~^^^
  File "/Users/ankitsamant/PROJECT_W/env/lib/python3.14/site-packages/pymysql/connections.py", line 575, in query
    self._affected_rows = self._read_query_result(unbuffered=unbuffered)
                          ~~~~~~~~~~~~~~~~~~~~~~~^^^^^^^^^^^^^^^^^^^^^^^
  File "/Users/ankitsamant/PROJECT_W/env/lib/python3.14/site-packages/pymysql/connections.py", line 826, in _read_query_result
    result.read()
    ~~~~~~~~~~~^^
  File "/Users/ankitsamant/PROJECT_W/env/lib/python3.14/site-packages/pymysql/connections.py", line 1203, in read
    first_packet = self.connection._read_packet()
  File "/Users/ankitsamant/PROJECT_W/env/lib/python3.14/site-packages/pymysql/connections.py", line 782, in _read_packet
    packet.raise_for_error()
    ~~~~~~~~~~~~~~~~~~~~~~^^
  File "/Users/ankitsamant/PROJECT_W/env/lib/python3.14/site-packages/pymysql/protocol.py", line 219, in raise_for_error
    err.raise_mysql_exception(self._data)
    ~~~~~~~~~~~~~~~~~~~~~~~~~^^^^^^^^^^^^
  File "/Users/ankitsamant/PROJECT_W/env/lib/python3.14/site-packages/pymysql/err.py", line 150, in raise_mysql_exception
    raise errorclass(errno, errval)
pymysql.err.OperationalError: (1054, "Unknown column 'store_app_order.refunded_amount' in 'field list'")

The above exception was the direct cause of the following exception:

Traceback (most recent call last):
  File "/Users/ankitsamant/PROJECT_W/env/lib/python3.14/site-packages/django/core/handlers/exception.py", line 55, in inner
    response = get_response(request)
  File "/Users/ankitsamant/PROJECT_W/env/lib/python3.14/site-packages/django/core/handlers/base.py", line 197, in _get_response
    response = wrapped_callback(request, *callback_args, **callback_kwargs)
  File "/Users/ankitsamant/PROJECT_W/env/lib/python3.14/site-packages/django/views/decorators/csrf.py", line 56, in wrapper_view
    return view_func(*args, **kwargs)
  File "/Users/ankitsamant/PROJECT_W/env/lib/python3.14/site-packages/django/views/generic/base.py", line 104, in view
    return self.dispatch(request, *args, **kwargs)
           ~~~~~~~~~~~~~^^^^^^^^^^^^^^^^^^^^^^^^^^
  File "/Users/ankitsamant/PROJECT_W/env/lib/python3.14/site-packages/rest_framework/views.py", line 509, in dispatch
    response = self.handle_exception(exc)
  File "/Users/ankitsamant/PROJECT_W/env/lib/python3.14/site-packages/rest_framework/views.py", line 469, in handle_exception
    self.raise_uncaught_exception(exc)
    ~~~~~~~~~~~~~~~~~~~~~~~~~~~~~^^^^^
  File "/Users/ankitsamant/PROJECT_W/env/lib/python3.14/site-packages/rest_framework/views.py", line 480, in raise_uncaught_exception
    raise exc
  File "/Users/ankitsamant/PROJECT_W/env/lib/python3.14/site-packages/rest_framework/views.py", line 506, in dispatch
    response = handler(request, *args, **kwargs)
  File "/Users/ankitsamant/PROJECT_W/store_app/views.py", line 1874, in get
    "data": serializer.data,
            ^^^^^^^^^^^^^^^
  File "/Users/ankitsamant/PROJECT_W/env/lib/python3.14/site-packages/rest_framework/serializers.py", line 768, in data
    ret = super().data
          ^^^^^^^^^^^^
  File "/Users/ankitsamant/PROJECT_W/env/lib/python3.14/site-packages/rest_framework/serializers.py", line 253, in data
    self._data = self.to_representation(self.instance)
                 ~~~~~~~~~~~~~~~~~~~~~~^^^^^^^^^^^^^^^
  File "/Users/ankitsamant/PROJECT_W/env/lib/python3.14/site-packages/rest_framework/serializers.py", line 687, in to_representation
    self.child.to_representation(item) for item in iterable
                                                   ^^^^^^^^
  File "/Users/ankitsamant/PROJECT_W/env/lib/python3.14/site-packages/django/db/models/query.py", line 398, in __iter__
    self._fetch_all()
    ~~~~~~~~~~~~~~~^^
  File "/Users/ankitsamant/PROJECT_W/env/lib/python3.14/site-packages/django/db/models/query.py", line 1881, in _fetch_all
    self._result_cache = list(self._iterable_class(self))
                         ~~~~^^^^^^^^^^^^^^^^^^^^^^^^^^^^
  File "/Users/ankitsamant/PROJECT_W/env/lib/python3.14/site-packages/django/db/models/query.py", line 91, in __iter__
    results = compiler.execute_sql(
        chunked_fetch=self.chunked_fetch, chunk_size=self.chunk_size
    )
  File "/Users/ankitsamant/PROJECT_W/env/lib/python3.14/site-packages/django/db/models/sql/compiler.py", line 1560, in execute_sql
    cursor.execute(sql, params)
    ~~~~~~~~~~~~~~^^^^^^^^^^^^^
  File "/Users/ankitsamant/PROJECT_W/env/lib/python3.14/site-packages/django/db/backends/utils.py", line 67, in execute
    return self._execute_with_wrappers(
           ~~~~~~~~~~~~~~~~~~~~~~~~~~~^
        sql, params, many=False, executor=self._execute
        ^^^^^^^^^^^^^^^^^^^^^^^^^^^^^^^^^^^^^^^^^^^^^^^
    )
    ^
  File "/Users/ankitsamant/PROJECT_W/env/lib/python3.14/site-packages/django/db/backends/utils.py", line 80, in _execute_with_wrappers
    return executor(sql, params, many, context)
  File "/Users/ankitsamant/PROJECT_W/env/lib/python3.14/site-packages/django/db/backends/utils.py", line 84, in _execute
    with self.db.wrap_database_errors:
         ^^^^^^^^^^^^^^^^^^^^^^^^^^^^
  File "/Users/ankitsamant/PROJECT_W/env/lib/python3.14/site-packages/django/db/utils.py", line 91, in __exit__
    raise dj_exc_value.with_traceback(traceback) from exc_value
  File "/Users/ankitsamant/PROJECT_W/env/lib/python3.14/site-packages/django/db/backends/utils.py", line 89, in _execute
    return self.cursor.execute(sql, params)
           ~~~~~~~~~~~~~~~~~~~^^^^^^^^^^^^^
  File "/Users/ankitsamant/PROJECT_W/env/lib/python3.14/site-packages/django/db/backends/mysql/base.py", line 75, in execute
    return self.cursor.execute(query, args)
           ~~~~~~~~~~~~~~~~~~~^^^^^^^^^^^^^
  File "/Users/ankitsamant/PROJECT_W/env/lib/python3.14/site-packages/pymysql/cursors.py", line 153, in execute
    result = self._query(query)
  File "/Users/ankitsamant/PROJECT_W/env/lib/python3.14/site-packages/pymysql/cursors.py", line 322, in _query
    conn.query(q)
    ~~~~~~~~~~^^^
  File "/Users/ankitsamant/PROJECT_W/env/lib/python3.14/site-packages/pymysql/connections.py", line 575, in query
    self._affected_rows = self._read_query_result(unbuffered=unbuffered)
                          ~~~~~~~~~~~~~~~~~~~~~~~^^^^^^^^^^^^^^^^^^^^^^^
  File "/Users/ankitsamant/PROJECT_W/env/lib/python3.14/site-packages/pymysql/connections.py", line 826, in _read_query_result
    result.read()
    ~~~~~~~~~~~^^
  File "/Users/ankitsamant/PROJECT_W/env/lib/python3.14/site-packages/pymysql/connections.py", line 1203, in read
    first_packet = self.connection._read_packet()
  File "/Users/ankitsamant/PROJECT_W/env/lib/python3.14/site-packages/pymysql/connections.py", line 782, in _read_packet
    packet.raise_for_error()
    ~~~~~~~~~~~~~~~~~~~~~~^^
  File "/Users/ankitsamant/PROJECT_W/env/lib/python3.14/site-packages/pymysql/protocol.py", line 219, in raise_for_error
    err.raise_mysql_exception(self._data)
    ~~~~~~~~~~~~~~~~~~~~~~~~~^^^^^^^^^^^^
  File "/Users/ankitsamant/PROJECT_W/env/lib/python3.14/site-packages/pymysql/err.py", line 150, in raise_mysql_exception
    raise errorclass(errno, errval)
django.db.utils.OperationalError: (1054, "Unknown column 'store_app_order.refunded_amount' in 'field list'")
ERROR 2026-05-28 09:37:33,953 django.request log:241 Internal Server Error: /api/order-ui-list/
Traceback (most recent call last):
  File "/Users/ankitsamant/PROJECT_W/env/lib/python3.14/site-packages/django/db/backends/utils.py", line 89, in _execute
    return self.cursor.execute(sql, params)
           ~~~~~~~~~~~~~~~~~~~^^^^^^^^^^^^^
  File "/Users/ankitsamant/PROJECT_W/env/lib/python3.14/site-packages/django/db/backends/mysql/base.py", line 75, in execute
    return self.cursor.execute(query, args)
           ~~~~~~~~~~~~~~~~~~~^^^^^^^^^^^^^
  File "/Users/ankitsamant/PROJECT_W/env/lib/python3.14/site-packages/pymysql/cursors.py", line 153, in execute
    result = self._query(query)
  File "/Users/ankitsamant/PROJECT_W/env/lib/python3.14/site-packages/pymysql/cursors.py", line 322, in _query
    conn.query(q)
    ~~~~~~~~~~^^^
  File "/Users/ankitsamant/PROJECT_W/env/lib/python3.14/site-packages/pymysql/connections.py", line 575, in query
    self._affected_rows = self._read_query_result(unbuffered=unbuffered)
                          ~~~~~~~~~~~~~~~~~~~~~~~^^^^^^^^^^^^^^^^^^^^^^^
  File "/Users/ankitsamant/PROJECT_W/env/lib/python3.14/site-packages/pymysql/connections.py", line 826, in _read_query_result
    result.read()
    ~~~~~~~~~~~^^
  File "/Users/ankitsamant/PROJECT_W/env/lib/python3.14/site-packages/pymysql/connections.py", line 1203, in read
    first_packet = self.connection._read_packet()
  File "/Users/ankitsamant/PROJECT_W/env/lib/python3.14/site-packages/pymysql/connections.py", line 782, in _read_packet
    packet.raise_for_error()
    ~~~~~~~~~~~~~~~~~~~~~~^^
  File "/Users/ankitsamant/PROJECT_W/env/lib/python3.14/site-packages/pymysql/protocol.py", line 219, in raise_for_error
    err.raise_mysql_exception(self._data)
    ~~~~~~~~~~~~~~~~~~~~~~~~~^^^^^^^^^^^^
  File "/Users/ankitsamant/PROJECT_W/env/lib/python3.14/site-packages/pymysql/err.py", line 150, in raise_mysql_exception
    raise errorclass(errno, errval)
pymysql.err.OperationalError: (1054, "Unknown column 'store_app_order.refunded_amount' in 'field list'")

The above exception was the direct cause of the following exception:

Traceback (most recent call last):
  File "/Users/ankitsamant/PROJECT_W/env/lib/python3.14/site-packages/django/core/handlers/exception.py", line 55, in inner
    response = get_response(request)
  File "/Users/ankitsamant/PROJECT_W/env/lib/python3.14/site-packages/django/core/handlers/base.py", line 197, in _get_response
    response = wrapped_callback(request, *callback_args, **callback_kwargs)
  File "/Users/ankitsamant/PROJECT_W/env/lib/python3.14/site-packages/django/views/decorators/csrf.py", line 56, in wrapper_view
    return view_func(*args, **kwargs)
  File "/Users/ankitsamant/PROJECT_W/env/lib/python3.14/site-packages/django/views/generic/base.py", line 104, in view
    return self.dispatch(request, *args, **kwargs)
           ~~~~~~~~~~~~~^^^^^^^^^^^^^^^^^^^^^^^^^^
  File "/Users/ankitsamant/PROJECT_W/env/lib/python3.14/site-packages/rest_framework/views.py", line 509, in dispatch
    response = self.handle_exception(exc)
  File "/Users/ankitsamant/PROJECT_W/env/lib/python3.14/site-packages/rest_framework/views.py", line 469, in handle_exception
    self.raise_uncaught_exception(exc)
    ~~~~~~~~~~~~~~~~~~~~~~~~~~~~~^^^^^
  File "/Users/ankitsamant/PROJECT_W/env/lib/python3.14/site-packages/rest_framework/views.py", line 480, in raise_uncaught_exception
    raise exc
  File "/Users/ankitsamant/PROJECT_W/env/lib/python3.14/site-packages/rest_framework/views.py", line 506, in dispatch
    response = handler(request, *args, **kwargs)
  File "/Users/ankitsamant/PROJECT_W/store_app/views.py", line 1874, in get
    "data": serializer.data,
            ^^^^^^^^^^^^^^^
  File "/Users/ankitsamant/PROJECT_W/env/lib/python3.14/site-packages/rest_framework/serializers.py", line 768, in data
    ret = super().data
          ^^^^^^^^^^^^
  File "/Users/ankitsamant/PROJECT_W/env/lib/python3.14/site-packages/rest_framework/serializers.py", line 253, in data
    self._data = self.to_representation(self.instance)
                 ~~~~~~~~~~~~~~~~~~~~~~^^^^^^^^^^^^^^^
  File "/Users/ankitsamant/PROJECT_W/env/lib/python3.14/site-packages/rest_framework/serializers.py", line 687, in to_representation
    self.child.to_representation(item) for item in iterable
                                                   ^^^^^^^^
  File "/Users/ankitsamant/PROJECT_W/env/lib/python3.14/site-packages/django/db/models/query.py", line 398, in __iter__
    self._fetch_all()
    ~~~~~~~~~~~~~~~^^
  File "/Users/ankitsamant/PROJECT_W/env/lib/python3.14/site-packages/django/db/models/query.py", line 1881, in _fetch_all
    self._result_cache = list(self._iterable_class(self))
                         ~~~~^^^^^^^^^^^^^^^^^^^^^^^^^^^^
  File "/Users/ankitsamant/PROJECT_W/env/lib/python3.14/site-packages/django/db/models/query.py", line 91, in __iter__
    results = compiler.execute_sql(
        chunked_fetch=self.chunked_fetch, chunk_size=self.chunk_size
    )
  File "/Users/ankitsamant/PROJECT_W/env/lib/python3.14/site-packages/django/db/models/sql/compiler.py", line 1560, in execute_sql
    cursor.execute(sql, params)
    ~~~~~~~~~~~~~~^^^^^^^^^^^^^
  File "/Users/ankitsamant/PROJECT_W/env/lib/python3.14/site-packages/django/db/backends/utils.py", line 67, in execute
    return self._execute_with_wrappers(
           ~~~~~~~~~~~~~~~~~~~~~~~~~~~^
        sql, params, many=False, executor=self._execute
        ^^^^^^^^^^^^^^^^^^^^^^^^^^^^^^^^^^^^^^^^^^^^^^^
    )
    ^
  File "/Users/ankitsamant/PROJECT_W/env/lib/python3.14/site-packages/django/db/backends/utils.py", line 80, in _execute_with_wrappers
    return executor(sql, params, many, context)
  File "/Users/ankitsamant/PROJECT_W/env/lib/python3.14/site-packages/django/db/backends/utils.py", line 84, in _execute
    with self.db.wrap_database_errors:
         ^^^^^^^^^^^^^^^^^^^^^^^^^^^^
  File "/Users/ankitsamant/PROJECT_W/env/lib/python3.14/site-packages/django/db/utils.py", line 91, in __exit__
    raise dj_exc_value.with_traceback(traceback) from exc_value
  File "/Users/ankitsamant/PROJECT_W/env/lib/python3.14/site-packages/django/db/backends/utils.py", line 89, in _execute
    return self.cursor.execute(sql, params)
           ~~~~~~~~~~~~~~~~~~~^^^^^^^^^^^^^
  File "/Users/ankitsamant/PROJECT_W/env/lib/python3.14/site-packages/django/db/backends/mysql/base.py", line 75, in execute
    return self.cursor.execute(query, args)
           ~~~~~~~~~~~~~~~~~~~^^^^^^^^^^^^^
  File "/Users/ankitsamant/PROJECT_W/env/lib/python3.14/site-packages/pymysql/cursors.py", line 153, in execute
    result = self._query(query)
  File "/Users/ankitsamant/PROJECT_W/env/lib/python3.14/site-packages/pymysql/cursors.py", line 322, in _query
    conn.query(q)
    ~~~~~~~~~~^^^
  File "/Users/ankitsamant/PROJECT_W/env/lib/python3.14/site-packages/pymysql/connections.py", line 575, in query
    self._affected_rows = self._read_query_result(unbuffered=unbuffered)
                          ~~~~~~~~~~~~~~~~~~~~~~~^^^^^^^^^^^^^^^^^^^^^^^
  File "/Users/ankitsamant/PROJECT_W/env/lib/python3.14/site-packages/pymysql/connections.py", line 826, in _read_query_result
    result.read()
    ~~~~~~~~~~~^^
  File "/Users/ankitsamant/PROJECT_W/env/lib/python3.14/site-packages/pymysql/connections.py", line 1203, in read
    first_packet = self.connection._read_packet()
  File "/Users/ankitsamant/PROJECT_W/env/lib/python3.14/site-packages/pymysql/connections.py", line 782, in _read_packet
    packet.raise_for_error()
    ~~~~~~~~~~~~~~~~~~~~~~^^
  File "/Users/ankitsamant/PROJECT_W/env/lib/python3.14/site-packages/pymysql/protocol.py", line 219, in raise_for_error
    err.raise_mysql_exception(self._data)
    ~~~~~~~~~~~~~~~~~~~~~~~~~^^^^^^^^^^^^
  File "/Users/ankitsamant/PROJECT_W/env/lib/python3.14/site-packages/pymysql/err.py", line 150, in raise_mysql_exception
    raise errorclass(errno, errval)
django.db.utils.OperationalError: (1054, "Unknown column 'store_app_order.refunded_amount' in 'field list'")
ERROR 2026-05-28 09:41:49,412 django.request log:241 Internal Server Error: /api/purchase-list
Traceback (most recent call last):
  File "/Users/ankitsamant/PROJECT_W/env/lib/python3.14/site-packages/django/db/backends/utils.py", line 89, in _execute
    return self.cursor.execute(sql, params)
           ~~~~~~~~~~~~~~~~~~~^^^^^^^^^^^^^
  File "/Users/ankitsamant/PROJECT_W/env/lib/python3.14/site-packages/django/db/backends/mysql/base.py", line 75, in execute
    return self.cursor.execute(query, args)
           ~~~~~~~~~~~~~~~~~~~^^^^^^^^^^^^^
  File "/Users/ankitsamant/PROJECT_W/env/lib/python3.14/site-packages/pymysql/cursors.py", line 153, in execute
    result = self._query(query)
  File "/Users/ankitsamant/PROJECT_W/env/lib/python3.14/site-packages/pymysql/cursors.py", line 322, in _query
    conn.query(q)
    ~~~~~~~~~~^^^
  File "/Users/ankitsamant/PROJECT_W/env/lib/python3.14/site-packages/pymysql/connections.py", line 575, in query
    self._affected_rows = self._read_query_result(unbuffered=unbuffered)
                          ~~~~~~~~~~~~~~~~~~~~~~~^^^^^^^^^^^^^^^^^^^^^^^
  File "/Users/ankitsamant/PROJECT_W/env/lib/python3.14/site-packages/pymysql/connections.py", line 826, in _read_query_result
    result.read()
    ~~~~~~~~~~~^^
  File "/Users/ankitsamant/PROJECT_W/env/lib/python3.14/site-packages/pymysql/connections.py", line 1203, in read
    first_packet = self.connection._read_packet()
  File "/Users/ankitsamant/PROJECT_W/env/lib/python3.14/site-packages/pymysql/connections.py", line 782, in _read_packet
    packet.raise_for_error()
    ~~~~~~~~~~~~~~~~~~~~~~^^
  File "/Users/ankitsamant/PROJECT_W/env/lib/python3.14/site-packages/pymysql/protocol.py", line 219, in raise_for_error
    err.raise_mysql_exception(self._data)
    ~~~~~~~~~~~~~~~~~~~~~~~~~^^^^^^^^^^^^
  File "/Users/ankitsamant/PROJECT_W/env/lib/python3.14/site-packages/pymysql/err.py", line 150, in raise_mysql_exception
    raise errorclass(errno, errval)
pymysql.err.OperationalError: (1054, "Unknown column 'store_app_purchasebill.is_deleted' in 'where clause'")

The above exception was the direct cause of the following exception:

Traceback (most recent call last):
  File "/Users/ankitsamant/PROJECT_W/env/lib/python3.14/site-packages/django/core/handlers/exception.py", line 55, in inner
    response = get_response(request)
  File "/Users/ankitsamant/PROJECT_W/env/lib/python3.14/site-packages/django/core/handlers/base.py", line 197, in _get_response
    response = wrapped_callback(request, *callback_args, **callback_kwargs)
  File "/Users/ankitsamant/PROJECT_W/env/lib/python3.14/site-packages/django/views/decorators/csrf.py", line 56, in wrapper_view
    return view_func(*args, **kwargs)
  File "/Users/ankitsamant/PROJECT_W/env/lib/python3.14/site-packages/django/views/generic/base.py", line 104, in view
    return self.dispatch(request, *args, **kwargs)
           ~~~~~~~~~~~~~^^^^^^^^^^^^^^^^^^^^^^^^^^
  File "/Users/ankitsamant/PROJECT_W/env/lib/python3.14/site-packages/rest_framework/views.py", line 509, in dispatch
    response = self.handle_exception(exc)
  File "/Users/ankitsamant/PROJECT_W/env/lib/python3.14/site-packages/rest_framework/views.py", line 469, in handle_exception
    self.raise_uncaught_exception(exc)
    ~~~~~~~~~~~~~~~~~~~~~~~~~~~~~^^^^^
  File "/Users/ankitsamant/PROJECT_W/env/lib/python3.14/site-packages/rest_framework/views.py", line 480, in raise_uncaught_exception
    raise exc
  File "/Users/ankitsamant/PROJECT_W/env/lib/python3.14/site-packages/rest_framework/views.py", line 506, in dispatch
    response = handler(request, *args, **kwargs)
  File "/Users/ankitsamant/PROJECT_W/store_app/api/purchase.py", line 1209, in get
    {"count": queryset.count(), "results": serializer.data},
              ~~~~~~~~~~~~~~^^
  File "/Users/ankitsamant/PROJECT_W/env/lib/python3.14/site-packages/django/db/models/query.py", line 608, in count
    return self.query.get_count(using=self.db)
           ~~~~~~~~~~~~~~~~~~~~^^^^^^^^^^^^^^^
  File "/Users/ankitsamant/PROJECT_W/env/lib/python3.14/site-packages/django/db/models/sql/query.py", line 536, in get_count
    return obj.get_aggregation(using, {"__count": Count("*")})["__count"]
           ~~~~~~~~~~~~~~~~~~~^^^^^^^^^^^^^^^^^^^^^^^^^^^^^^^^
  File "/Users/ankitsamant/PROJECT_W/env/lib/python3.14/site-packages/django/db/models/sql/query.py", line 522, in get_aggregation
    result = compiler.execute_sql(SINGLE)
  File "/Users/ankitsamant/PROJECT_W/env/lib/python3.14/site-packages/django/db/models/sql/compiler.py", line 1560, in execute_sql
    cursor.execute(sql, params)
    ~~~~~~~~~~~~~~^^^^^^^^^^^^^
  File "/Users/ankitsamant/PROJECT_W/env/lib/python3.14/site-packages/django/db/backends/utils.py", line 67, in execute
    return self._execute_with_wrappers(
           ~~~~~~~~~~~~~~~~~~~~~~~~~~~^
        sql, params, many=False, executor=self._execute
        ^^^^^^^^^^^^^^^^^^^^^^^^^^^^^^^^^^^^^^^^^^^^^^^
    )
    ^
  File "/Users/ankitsamant/PROJECT_W/env/lib/python3.14/site-packages/django/db/backends/utils.py", line 80, in _execute_with_wrappers
    return executor(sql, params, many, context)
  File "/Users/ankitsamant/PROJECT_W/env/lib/python3.14/site-packages/django/db/backends/utils.py", line 84, in _execute
    with self.db.wrap_database_errors:
         ^^^^^^^^^^^^^^^^^^^^^^^^^^^^
  File "/Users/ankitsamant/PROJECT_W/env/lib/python3.14/site-packages/django/db/utils.py", line 91, in __exit__
    raise dj_exc_value.with_traceback(traceback) from exc_value
  File "/Users/ankitsamant/PROJECT_W/env/lib/python3.14/site-packages/django/db/backends/utils.py", line 89, in _execute
    return self.cursor.execute(sql, params)
           ~~~~~~~~~~~~~~~~~~~^^^^^^^^^^^^^
  File "/Users/ankitsamant/PROJECT_W/env/lib/python3.14/site-packages/django/db/backends/mysql/base.py", line 75, in execute
    return self.cursor.execute(query, args)
           ~~~~~~~~~~~~~~~~~~~^^^^^^^^^^^^^
  File "/Users/ankitsamant/PROJECT_W/env/lib/python3.14/site-packages/pymysql/cursors.py", line 153, in execute
    result = self._query(query)
  File "/Users/ankitsamant/PROJECT_W/env/lib/python3.14/site-packages/pymysql/cursors.py", line 322, in _query
    conn.query(q)
    ~~~~~~~~~~^^^
  File "/Users/ankitsamant/PROJECT_W/env/lib/python3.14/site-packages/pymysql/connections.py", line 575, in query
    self._affected_rows = self._read_query_result(unbuffered=unbuffered)
                          ~~~~~~~~~~~~~~~~~~~~~~~^^^^^^^^^^^^^^^^^^^^^^^
  File "/Users/ankitsamant/PROJECT_W/env/lib/python3.14/site-packages/pymysql/connections.py", line 826, in _read_query_result
    result.read()
    ~~~~~~~~~~~^^
  File "/Users/ankitsamant/PROJECT_W/env/lib/python3.14/site-packages/pymysql/connections.py", line 1203, in read
    first_packet = self.connection._read_packet()
  File "/Users/ankitsamant/PROJECT_W/env/lib/python3.14/site-packages/pymysql/connections.py", line 782, in _read_packet
    packet.raise_for_error()
    ~~~~~~~~~~~~~~~~~~~~~~^^
  File "/Users/ankitsamant/PROJECT_W/env/lib/python3.14/site-packages/pymysql/protocol.py", line 219, in raise_for_error
    err.raise_mysql_exception(self._data)
    ~~~~~~~~~~~~~~~~~~~~~~~~~^^^^^^^^^^^^
  File "/Users/ankitsamant/PROJECT_W/env/lib/python3.14/site-packages/pymysql/err.py", line 150, in raise_mysql_exception
    raise errorclass(errno, errval)
django.db.utils.OperationalError: (1054, "Unknown column 'store_app_purchasebill.is_deleted' in 'where clause'")
ERROR 2026-05-28 10:07:40,869 django.request log:241 Internal Server Error: /api/login-admin/
Traceback (most recent call last):
  File "/Users/ankitsamant/PROJECT_W/env/lib/python3.14/site-packages/pymysql/connections.py", line 661, in connect
    sock = socket.create_connection(
        (self.host, self.port), self.connect_timeout, **kwargs
    )
  File "/Library/Frameworks/Python.framework/Versions/3.14/lib/python3.14/socket.py", line 870, in create_connection
    raise exceptions[0]
  File "/Library/Frameworks/Python.framework/Versions/3.14/lib/python3.14/socket.py", line 855, in create_connection
    sock.connect(sa)
    ~~~~~~~~~~~~^^^^
PermissionError: [Errno 1] Operation not permitted

During handling of the above exception, another exception occurred:

Traceback (most recent call last):
  File "/Users/ankitsamant/PROJECT_W/env/lib/python3.14/site-packages/django/db/backends/base/base.py", line 289, in ensure_connection
    self.connect()
    ~~~~~~~~~~~~^^
  File "/Users/ankitsamant/PROJECT_W/env/lib/python3.14/site-packages/django/utils/asyncio.py", line 26, in inner
    return func(*args, **kwargs)
  File "/Users/ankitsamant/PROJECT_W/env/lib/python3.14/site-packages/django/db/backends/base/base.py", line 270, in connect
    self.connection = self.get_new_connection(conn_params)
                      ~~~~~~~~~~~~~~~~~~~~~~~^^^^^^^^^^^^^
  File "/Users/ankitsamant/PROJECT_W/env/lib/python3.14/site-packages/django/utils/asyncio.py", line 26, in inner
    return func(*args, **kwargs)
  File "/Users/ankitsamant/PROJECT_W/env/lib/python3.14/site-packages/django/db/backends/mysql/base.py", line 247, in get_new_connection
    connection = Database.connect(**conn_params)
  File "/Users/ankitsamant/PROJECT_W/env/lib/python3.14/site-packages/pymysql/connections.py", line 365, in __init__
    self.connect()
    ~~~~~~~~~~~~^^
  File "/Users/ankitsamant/PROJECT_W/env/lib/python3.14/site-packages/pymysql/connections.py", line 723, in connect
    raise exc
pymysql.err.OperationalError: (2003, "Can't connect to MySQL server on 'localhost' ([Errno 1] Operation not permitted)")

The above exception was the direct cause of the following exception:

Traceback (most recent call last):
  File "/Users/ankitsamant/PROJECT_W/env/lib/python3.14/site-packages/django/core/handlers/exception.py", line 55, in inner
    response = get_response(request)
  File "/Users/ankitsamant/PROJECT_W/env/lib/python3.14/site-packages/django/utils/deprecation.py", line 136, in __call__
    response = self.process_response(request, response)
  File "/Users/ankitsamant/PROJECT_W/env/lib/python3.14/site-packages/django/contrib/sessions/middleware.py", line 59, in process_response
    request.session.save()
    ~~~~~~~~~~~~~~~~~~~~^^
  File "/Users/ankitsamant/PROJECT_W/env/lib/python3.14/site-packages/django/contrib/sessions/backends/db.py", line 80, in save
    return self.create()
           ~~~~~~~~~~~^^
  File "/Users/ankitsamant/PROJECT_W/env/lib/python3.14/site-packages/django/contrib/sessions/backends/db.py", line 50, in create
    self._session_key = self._get_new_session_key()
                        ~~~~~~~~~~~~~~~~~~~~~~~~~^^
  File "/Users/ankitsamant/PROJECT_W/env/lib/python3.14/site-packages/django/contrib/sessions/backends/base.py", line 150, in _get_new_session_key
    if not self.exists(session_key):
           ~~~~~~~~~~~^^^^^^^^^^^^^
  File "/Users/ankitsamant/PROJECT_W/env/lib/python3.14/site-packages/django/contrib/sessions/backends/db.py", line 46, in exists
    return self.model.objects.filter(session_key=session_key).exists()
           ~~~~~~~~~~~~~~~~~~~~~~~~~~~~~~~~~~~~~~~~~~~~~~~~~~~~~~~~~^^
  File "/Users/ankitsamant/PROJECT_W/env/lib/python3.14/site-packages/django/db/models/query.py", line 1241, in exists
    return self.query.has_results(using=self.db)
           ~~~~~~~~~~~~~~~~~~~~~~^^^^^^^^^^^^^^^
  File "/Users/ankitsamant/PROJECT_W/env/lib/python3.14/site-packages/django/db/models/sql/query.py", line 566, in has_results
    return compiler.has_results()
           ~~~~~~~~~~~~~~~~~~~~^^
  File "/Users/ankitsamant/PROJECT_W/env/lib/python3.14/site-packages/django/db/models/sql/compiler.py", line 1528, in has_results
    return bool(self.execute_sql(SINGLE))
                ~~~~~~~~~~~~~~~~^^^^^^^^
  File "/Users/ankitsamant/PROJECT_W/env/lib/python3.14/site-packages/django/db/models/sql/compiler.py", line 1558, in execute_sql
    cursor = self.connection.cursor()
  File "/Users/ankitsamant/PROJECT_W/env/lib/python3.14/site-packages/django/utils/asyncio.py", line 26, in inner
    return func(*args, **kwargs)
  File "/Users/ankitsamant/PROJECT_W/env/lib/python3.14/site-packages/django/db/backends/base/base.py", line 330, in cursor
    return self._cursor()
           ~~~~~~~~~~~~^^
  File "/Users/ankitsamant/PROJECT_W/env/lib/python3.14/site-packages/django/db/backends/base/base.py", line 306, in _cursor
    self.ensure_connection()
    ~~~~~~~~~~~~~~~~~~~~~~^^
  File "/Users/ankitsamant/PROJECT_W/env/lib/python3.14/site-packages/django/utils/asyncio.py", line 26, in inner
    return func(*args, **kwargs)
  File "/Users/ankitsamant/PROJECT_W/env/lib/python3.14/site-packages/django/db/backends/base/base.py", line 288, in ensure_connection
    with self.wrap_database_errors:
         ^^^^^^^^^^^^^^^^^^^^^^^^^
  File "/Users/ankitsamant/PROJECT_W/env/lib/python3.14/site-packages/django/db/utils.py", line 91, in __exit__
    raise dj_exc_value.with_traceback(traceback) from exc_value
  File "/Users/ankitsamant/PROJECT_W/env/lib/python3.14/site-packages/django/db/backends/base/base.py", line 289, in ensure_connection
    self.connect()
    ~~~~~~~~~~~~^^
  File "/Users/ankitsamant/PROJECT_W/env/lib/python3.14/site-packages/django/utils/asyncio.py", line 26, in inner
    return func(*args, **kwargs)
  File "/Users/ankitsamant/PROJECT_W/env/lib/python3.14/site-packages/django/db/backends/base/base.py", line 270, in connect
    self.connection = self.get_new_connection(conn_params)
                      ~~~~~~~~~~~~~~~~~~~~~~~^^^^^^^^^^^^^
  File "/Users/ankitsamant/PROJECT_W/env/lib/python3.14/site-packages/django/utils/asyncio.py", line 26, in inner
    return func(*args, **kwargs)
  File "/Users/ankitsamant/PROJECT_W/env/lib/python3.14/site-packages/django/db/backends/mysql/base.py", line 247, in get_new_connection
    connection = Database.connect(**conn_params)
  File "/Users/ankitsamant/PROJECT_W/env/lib/python3.14/site-packages/pymysql/connections.py", line 365, in __init__
    self.connect()
    ~~~~~~~~~~~~^^
  File "/Users/ankitsamant/PROJECT_W/env/lib/python3.14/site-packages/pymysql/connections.py", line 723, in connect
    raise exc
django.db.utils.OperationalError: (2003, "Can't connect to MySQL server on 'localhost' ([Errno 1] Operation not permitted)")
ERROR 2026-05-28 10:08:20,764 django.request log:241 Internal Server Error: /api/purchase-list
Traceback (most recent call last):
  File "/Users/ankitsamant/PROJECT_W/env/lib/python3.14/site-packages/django/db/backends/utils.py", line 89, in _execute
    return self.cursor.execute(sql, params)
           ~~~~~~~~~~~~~~~~~~~^^^^^^^^^^^^^
  File "/Users/ankitsamant/PROJECT_W/env/lib/python3.14/site-packages/django/db/backends/mysql/base.py", line 75, in execute
    return self.cursor.execute(query, args)
           ~~~~~~~~~~~~~~~~~~~^^^^^^^^^^^^^
  File "/Users/ankitsamant/PROJECT_W/env/lib/python3.14/site-packages/pymysql/cursors.py", line 153, in execute
    result = self._query(query)
  File "/Users/ankitsamant/PROJECT_W/env/lib/python3.14/site-packages/pymysql/cursors.py", line 322, in _query
    conn.query(q)
    ~~~~~~~~~~^^^
  File "/Users/ankitsamant/PROJECT_W/env/lib/python3.14/site-packages/pymysql/connections.py", line 575, in query
    self._affected_rows = self._read_query_result(unbuffered=unbuffered)
                          ~~~~~~~~~~~~~~~~~~~~~~~^^^^^^^^^^^^^^^^^^^^^^^
  File "/Users/ankitsamant/PROJECT_W/env/lib/python3.14/site-packages/pymysql/connections.py", line 826, in _read_query_result
    result.read()
    ~~~~~~~~~~~^^
  File "/Users/ankitsamant/PROJECT_W/env/lib/python3.14/site-packages/pymysql/connections.py", line 1203, in read
    first_packet = self.connection._read_packet()
  File "/Users/ankitsamant/PROJECT_W/env/lib/python3.14/site-packages/pymysql/connections.py", line 782, in _read_packet
    packet.raise_for_error()
    ~~~~~~~~~~~~~~~~~~~~~~^^
  File "/Users/ankitsamant/PROJECT_W/env/lib/python3.14/site-packages/pymysql/protocol.py", line 219, in raise_for_error
    err.raise_mysql_exception(self._data)
    ~~~~~~~~~~~~~~~~~~~~~~~~~^^^^^^^^^^^^
  File "/Users/ankitsamant/PROJECT_W/env/lib/python3.14/site-packages/pymysql/err.py", line 150, in raise_mysql_exception
    raise errorclass(errno, errval)
pymysql.err.OperationalError: (1054, "Unknown column 'store_app_purchasebill.is_deleted' in 'where clause'")

The above exception was the direct cause of the following exception:

Traceback (most recent call last):
  File "/Users/ankitsamant/PROJECT_W/env/lib/python3.14/site-packages/django/core/handlers/exception.py", line 55, in inner
    response = get_response(request)
  File "/Users/ankitsamant/PROJECT_W/env/lib/python3.14/site-packages/django/core/handlers/base.py", line 197, in _get_response
    response = wrapped_callback(request, *callback_args, **callback_kwargs)
  File "/Users/ankitsamant/PROJECT_W/env/lib/python3.14/site-packages/django/views/decorators/csrf.py", line 56, in wrapper_view
    return view_func(*args, **kwargs)
  File "/Users/ankitsamant/PROJECT_W/env/lib/python3.14/site-packages/django/views/generic/base.py", line 104, in view
    return self.dispatch(request, *args, **kwargs)
           ~~~~~~~~~~~~~^^^^^^^^^^^^^^^^^^^^^^^^^^
  File "/Users/ankitsamant/PROJECT_W/env/lib/python3.14/site-packages/rest_framework/views.py", line 509, in dispatch
    response = self.handle_exception(exc)
  File "/Users/ankitsamant/PROJECT_W/env/lib/python3.14/site-packages/rest_framework/views.py", line 469, in handle_exception
    self.raise_uncaught_exception(exc)
    ~~~~~~~~~~~~~~~~~~~~~~~~~~~~~^^^^^
  File "/Users/ankitsamant/PROJECT_W/env/lib/python3.14/site-packages/rest_framework/views.py", line 480, in raise_uncaught_exception
    raise exc
  File "/Users/ankitsamant/PROJECT_W/env/lib/python3.14/site-packages/rest_framework/views.py", line 506, in dispatch
    response = handler(request, *args, **kwargs)
  File "/Users/ankitsamant/PROJECT_W/store_app/api/purchase.py", line 1219, in get
    {"count": queryset.count(), "results": serializer.data},
              ~~~~~~~~~~~~~~^^
  File "/Users/ankitsamant/PROJECT_W/env/lib/python3.14/site-packages/django/db/models/query.py", line 608, in count
    return self.query.get_count(using=self.db)
           ~~~~~~~~~~~~~~~~~~~~^^^^^^^^^^^^^^^
  File "/Users/ankitsamant/PROJECT_W/env/lib/python3.14/site-packages/django/db/models/sql/query.py", line 536, in get_count
    return obj.get_aggregation(using, {"__count": Count("*")})["__count"]
           ~~~~~~~~~~~~~~~~~~~^^^^^^^^^^^^^^^^^^^^^^^^^^^^^^^^
  File "/Users/ankitsamant/PROJECT_W/env/lib/python3.14/site-packages/django/db/models/sql/query.py", line 522, in get_aggregation
    result = compiler.execute_sql(SINGLE)
  File "/Users/ankitsamant/PROJECT_W/env/lib/python3.14/site-packages/django/db/models/sql/compiler.py", line 1560, in execute_sql
    cursor.execute(sql, params)
    ~~~~~~~~~~~~~~^^^^^^^^^^^^^
  File "/Users/ankitsamant/PROJECT_W/env/lib/python3.14/site-packages/django/db/backends/utils.py", line 67, in execute
    return self._execute_with_wrappers(
           ~~~~~~~~~~~~~~~~~~~~~~~~~~~^
        sql, params, many=False, executor=self._execute
        ^^^^^^^^^^^^^^^^^^^^^^^^^^^^^^^^^^^^^^^^^^^^^^^
    )
    ^
  File "/Users/ankitsamant/PROJECT_W/env/lib/python3.14/site-packages/django/db/backends/utils.py", line 80, in _execute_with_wrappers
    return executor(sql, params, many, context)
  File "/Users/ankitsamant/PROJECT_W/env/lib/python3.14/site-packages/django/db/backends/utils.py", line 84, in _execute
    with self.db.wrap_database_errors:
         ^^^^^^^^^^^^^^^^^^^^^^^^^^^^
  File "/Users/ankitsamant/PROJECT_W/env/lib/python3.14/site-packages/django/db/utils.py", line 91, in __exit__
    raise dj_exc_value.with_traceback(traceback) from exc_value
  File "/Users/ankitsamant/PROJECT_W/env/lib/python3.14/site-packages/django/db/backends/utils.py", line 89, in _execute
    return self.cursor.execute(sql, params)
           ~~~~~~~~~~~~~~~~~~~^^^^^^^^^^^^^
  File "/Users/ankitsamant/PROJECT_W/env/lib/python3.14/site-packages/django/db/backends/mysql/base.py", line 75, in execute
    return self.cursor.execute(query, args)
           ~~~~~~~~~~~~~~~~~~~^^^^^^^^^^^^^
  File "/Users/ankitsamant/PROJECT_W/env/lib/python3.14/site-packages/pymysql/cursors.py", line 153, in execute
    result = self._query(query)
  File "/Users/ankitsamant/PROJECT_W/env/lib/python3.14/site-packages/pymysql/cursors.py", line 322, in _query
    conn.query(q)
    ~~~~~~~~~~^^^
  File "/Users/ankitsamant/PROJECT_W/env/lib/python3.14/site-packages/pymysql/connections.py", line 575, in query
    self._affected_rows = self._read_query_result(unbuffered=unbuffered)
                          ~~~~~~~~~~~~~~~~~~~~~~~^^^^^^^^^^^^^^^^^^^^^^^
  File "/Users/ankitsamant/PROJECT_W/env/lib/python3.14/site-packages/pymysql/connections.py", line 826, in _read_query_result
    result.read()
    ~~~~~~~~~~~^^
  File "/Users/ankitsamant/PROJECT_W/env/lib/python3.14/site-packages/pymysql/connections.py", line 1203, in read
    first_packet = self.connection._read_packet()
  File "/Users/ankitsamant/PROJECT_W/env/lib/python3.14/site-packages/pymysql/connections.py", line 782, in _read_packet
    packet.raise_for_error()
    ~~~~~~~~~~~~~~~~~~~~~~^^
  File "/Users/ankitsamant/PROJECT_W/env/lib/python3.14/site-packages/pymysql/protocol.py", line 219, in raise_for_error
    err.raise_mysql_exception(self._data)
    ~~~~~~~~~~~~~~~~~~~~~~~~~^^^^^^^^^^^^
  File "/Users/ankitsamant/PROJECT_W/env/lib/python3.14/site-packages/pymysql/err.py", line 150, in raise_mysql_exception
    raise errorclass(errno, errval)
django.db.utils.OperationalError: (1054, "Unknown column 'store_app_purchasebill.is_deleted' in 'where clause'")
ERROR 2026-05-28 10:08:53,877 django.request log:241 Internal Server Error: /api/purchase-list
Traceback (most recent call last):
  File "/Users/ankitsamant/PROJECT_W/env/lib/python3.14/site-packages/django/db/backends/utils.py", line 89, in _execute
    return self.cursor.execute(sql, params)
           ~~~~~~~~~~~~~~~~~~~^^^^^^^^^^^^^
  File "/Users/ankitsamant/PROJECT_W/env/lib/python3.14/site-packages/django/db/backends/mysql/base.py", line 75, in execute
    return self.cursor.execute(query, args)
           ~~~~~~~~~~~~~~~~~~~^^^^^^^^^^^^^
  File "/Users/ankitsamant/PROJECT_W/env/lib/python3.14/site-packages/pymysql/cursors.py", line 153, in execute
    result = self._query(query)
  File "/Users/ankitsamant/PROJECT_W/env/lib/python3.14/site-packages/pymysql/cursors.py", line 322, in _query
    conn.query(q)
    ~~~~~~~~~~^^^
  File "/Users/ankitsamant/PROJECT_W/env/lib/python3.14/site-packages/pymysql/connections.py", line 575, in query
    self._affected_rows = self._read_query_result(unbuffered=unbuffered)
                          ~~~~~~~~~~~~~~~~~~~~~~~^^^^^^^^^^^^^^^^^^^^^^^
  File "/Users/ankitsamant/PROJECT_W/env/lib/python3.14/site-packages/pymysql/connections.py", line 826, in _read_query_result
    result.read()
    ~~~~~~~~~~~^^
  File "/Users/ankitsamant/PROJECT_W/env/lib/python3.14/site-packages/pymysql/connections.py", line 1203, in read
    first_packet = self.connection._read_packet()
  File "/Users/ankitsamant/PROJECT_W/env/lib/python3.14/site-packages/pymysql/connections.py", line 782, in _read_packet
    packet.raise_for_error()
    ~~~~~~~~~~~~~~~~~~~~~~^^
  File "/Users/ankitsamant/PROJECT_W/env/lib/python3.14/site-packages/pymysql/protocol.py", line 219, in raise_for_error
    err.raise_mysql_exception(self._data)
    ~~~~~~~~~~~~~~~~~~~~~~~~~^^^^^^^^^^^^
  File "/Users/ankitsamant/PROJECT_W/env/lib/python3.14/site-packages/pymysql/err.py", line 150, in raise_mysql_exception
    raise errorclass(errno, errval)
pymysql.err.OperationalError: (1054, "Unknown column 'store_app_purchasebill.is_deleted' in 'where clause'")

The above exception was the direct cause of the following exception:

Traceback (most recent call last):
  File "/Users/ankitsamant/PROJECT_W/env/lib/python3.14/site-packages/django/core/handlers/exception.py", line 55, in inner
    response = get_response(request)
  File "/Users/ankitsamant/PROJECT_W/env/lib/python3.14/site-packages/django/core/handlers/base.py", line 197, in _get_response
    response = wrapped_callback(request, *callback_args, **callback_kwargs)
  File "/Users/ankitsamant/PROJECT_W/env/lib/python3.14/site-packages/django/views/decorators/csrf.py", line 56, in wrapper_view
    return view_func(*args, **kwargs)
  File "/Users/ankitsamant/PROJECT_W/env/lib/python3.14/site-packages/django/views/generic/base.py", line 104, in view
    return self.dispatch(request, *args, **kwargs)
           ~~~~~~~~~~~~~^^^^^^^^^^^^^^^^^^^^^^^^^^
  File "/Users/ankitsamant/PROJECT_W/env/lib/python3.14/site-packages/rest_framework/views.py", line 509, in dispatch
    response = self.handle_exception(exc)
  File "/Users/ankitsamant/PROJECT_W/env/lib/python3.14/site-packages/rest_framework/views.py", line 469, in handle_exception
    self.raise_uncaught_exception(exc)
    ~~~~~~~~~~~~~~~~~~~~~~~~~~~~~^^^^^
  File "/Users/ankitsamant/PROJECT_W/env/lib/python3.14/site-packages/rest_framework/views.py", line 480, in raise_uncaught_exception
    raise exc
  File "/Users/ankitsamant/PROJECT_W/env/lib/python3.14/site-packages/rest_framework/views.py", line 506, in dispatch
    response = handler(request, *args, **kwargs)
  File "/Users/ankitsamant/PROJECT_W/store_app/api/purchase.py", line 1219, in get
    {"count": queryset.count(), "results": serializer.data},
              ~~~~~~~~~~~~~~^^
  File "/Users/ankitsamant/PROJECT_W/env/lib/python3.14/site-packages/django/db/models/query.py", line 608, in count
    return self.query.get_count(using=self.db)
           ~~~~~~~~~~~~~~~~~~~~^^^^^^^^^^^^^^^
  File "/Users/ankitsamant/PROJECT_W/env/lib/python3.14/site-packages/django/db/models/sql/query.py", line 536, in get_count
    return obj.get_aggregation(using, {"__count": Count("*")})["__count"]
           ~~~~~~~~~~~~~~~~~~~^^^^^^^^^^^^^^^^^^^^^^^^^^^^^^^^
  File "/Users/ankitsamant/PROJECT_W/env/lib/python3.14/site-packages/django/db/models/sql/query.py", line 522, in get_aggregation
    result = compiler.execute_sql(SINGLE)
  File "/Users/ankitsamant/PROJECT_W/env/lib/python3.14/site-packages/django/db/models/sql/compiler.py", line 1560, in execute_sql
    cursor.execute(sql, params)
    ~~~~~~~~~~~~~~^^^^^^^^^^^^^
  File "/Users/ankitsamant/PROJECT_W/env/lib/python3.14/site-packages/django/db/backends/utils.py", line 67, in execute
    return self._execute_with_wrappers(
           ~~~~~~~~~~~~~~~~~~~~~~~~~~~^
        sql, params, many=False, executor=self._execute
        ^^^^^^^^^^^^^^^^^^^^^^^^^^^^^^^^^^^^^^^^^^^^^^^
    )
    ^
  File "/Users/ankitsamant/PROJECT_W/env/lib/python3.14/site-packages/django/db/backends/utils.py", line 80, in _execute_with_wrappers
    return executor(sql, params, many, context)
  File "/Users/ankitsamant/PROJECT_W/env/lib/python3.14/site-packages/django/db/backends/utils.py", line 84, in _execute
    with self.db.wrap_database_errors:
         ^^^^^^^^^^^^^^^^^^^^^^^^^^^^
  File "/Users/ankitsamant/PROJECT_W/env/lib/python3.14/site-packages/django/db/utils.py", line 91, in __exit__
    raise dj_exc_value.with_traceback(traceback) from exc_value
  File "/Users/ankitsamant/PROJECT_W/env/lib/python3.14/site-packages/django/db/backends/utils.py", line 89, in _execute
    return self.cursor.execute(sql, params)
           ~~~~~~~~~~~~~~~~~~~^^^^^^^^^^^^^
  File "/Users/ankitsamant/PROJECT_W/env/lib/python3.14/site-packages/django/db/backends/mysql/base.py", line 75, in execute
    return self.cursor.execute(query, args)
           ~~~~~~~~~~~~~~~~~~~^^^^^^^^^^^^^
  File "/Users/ankitsamant/PROJECT_W/env/lib/python3.14/site-packages/pymysql/cursors.py", line 153, in execute
    result = self._query(query)
  File "/Users/ankitsamant/PROJECT_W/env/lib/python3.14/site-packages/pymysql/cursors.py", line 322, in _query
    conn.query(q)
    ~~~~~~~~~~^^^
  File "/Users/ankitsamant/PROJECT_W/env/lib/python3.14/site-packages/pymysql/connections.py", line 575, in query
    self._affected_rows = self._read_query_result(unbuffered=unbuffered)
                          ~~~~~~~~~~~~~~~~~~~~~~~^^^^^^^^^^^^^^^^^^^^^^^
  File "/Users/ankitsamant/PROJECT_W/env/lib/python3.14/site-packages/pymysql/connections.py", line 826, in _read_query_result
    result.read()
    ~~~~~~~~~~~^^
  File "/Users/ankitsamant/PROJECT_W/env/lib/python3.14/site-packages/pymysql/connections.py", line 1203, in read
    first_packet = self.connection._read_packet()
  File "/Users/ankitsamant/PROJECT_W/env/lib/python3.14/site-packages/pymysql/connections.py", line 782, in _read_packet
    packet.raise_for_error()
    ~~~~~~~~~~~~~~~~~~~~~~^^
  File "/Users/ankitsamant/PROJECT_W/env/lib/python3.14/site-packages/pymysql/protocol.py", line 219, in raise_for_error
    err.raise_mysql_exception(self._data)
    ~~~~~~~~~~~~~~~~~~~~~~~~~^^^^^^^^^^^^
  File "/Users/ankitsamant/PROJECT_W/env/lib/python3.14/site-packages/pymysql/err.py", line 150, in raise_mysql_exception
    raise errorclass(errno, errval)
django.db.utils.OperationalError: (1054, "Unknown column 'store_app_purchasebill.is_deleted' in 'where clause'")
ERROR 2026-05-28 10:12:05,822 django.request log:241 Internal Server Error: /api/purchase-list
Traceback (most recent call last):
  File "/Users/ankitsamant/PROJECT_W/env/lib/python3.14/site-packages/django/db/backends/utils.py", line 89, in _execute
    return self.cursor.execute(sql, params)
           ~~~~~~~~~~~~~~~~~~~^^^^^^^^^^^^^
  File "/Users/ankitsamant/PROJECT_W/env/lib/python3.14/site-packages/django/db/backends/mysql/base.py", line 75, in execute
    return self.cursor.execute(query, args)
           ~~~~~~~~~~~~~~~~~~~^^^^^^^^^^^^^
  File "/Users/ankitsamant/PROJECT_W/env/lib/python3.14/site-packages/pymysql/cursors.py", line 153, in execute
    result = self._query(query)
  File "/Users/ankitsamant/PROJECT_W/env/lib/python3.14/site-packages/pymysql/cursors.py", line 322, in _query
    conn.query(q)
    ~~~~~~~~~~^^^
  File "/Users/ankitsamant/PROJECT_W/env/lib/python3.14/site-packages/pymysql/connections.py", line 575, in query
    self._affected_rows = self._read_query_result(unbuffered=unbuffered)
                          ~~~~~~~~~~~~~~~~~~~~~~~^^^^^^^^^^^^^^^^^^^^^^^
  File "/Users/ankitsamant/PROJECT_W/env/lib/python3.14/site-packages/pymysql/connections.py", line 826, in _read_query_result
    result.read()
    ~~~~~~~~~~~^^
  File "/Users/ankitsamant/PROJECT_W/env/lib/python3.14/site-packages/pymysql/connections.py", line 1203, in read
    first_packet = self.connection._read_packet()
  File "/Users/ankitsamant/PROJECT_W/env/lib/python3.14/site-packages/pymysql/connections.py", line 782, in _read_packet
    packet.raise_for_error()
    ~~~~~~~~~~~~~~~~~~~~~~^^
  File "/Users/ankitsamant/PROJECT_W/env/lib/python3.14/site-packages/pymysql/protocol.py", line 219, in raise_for_error
    err.raise_mysql_exception(self._data)
    ~~~~~~~~~~~~~~~~~~~~~~~~~^^^^^^^^^^^^
  File "/Users/ankitsamant/PROJECT_W/env/lib/python3.14/site-packages/pymysql/err.py", line 150, in raise_mysql_exception
    raise errorclass(errno, errval)
pymysql.err.OperationalError: (1054, "Unknown column 'store_app_purchasebillitem.total_price' in 'field list'")

The above exception was the direct cause of the following exception:

Traceback (most recent call last):
  File "/Users/ankitsamant/PROJECT_W/env/lib/python3.14/site-packages/django/core/handlers/exception.py", line 55, in inner
    response = get_response(request)
  File "/Users/ankitsamant/PROJECT_W/env/lib/python3.14/site-packages/django/core/handlers/base.py", line 197, in _get_response
    response = wrapped_callback(request, *callback_args, **callback_kwargs)
  File "/Users/ankitsamant/PROJECT_W/env/lib/python3.14/site-packages/django/views/decorators/csrf.py", line 56, in wrapper_view
    return view_func(*args, **kwargs)
  File "/Users/ankitsamant/PROJECT_W/env/lib/python3.14/site-packages/django/views/generic/base.py", line 104, in view
    return self.dispatch(request, *args, **kwargs)
           ~~~~~~~~~~~~~^^^^^^^^^^^^^^^^^^^^^^^^^^
  File "/Users/ankitsamant/PROJECT_W/env/lib/python3.14/site-packages/rest_framework/views.py", line 509, in dispatch
    response = self.handle_exception(exc)
  File "/Users/ankitsamant/PROJECT_W/env/lib/python3.14/site-packages/rest_framework/views.py", line 469, in handle_exception
    self.raise_uncaught_exception(exc)
    ~~~~~~~~~~~~~~~~~~~~~~~~~~~~~^^^^^
  File "/Users/ankitsamant/PROJECT_W/env/lib/python3.14/site-packages/rest_framework/views.py", line 480, in raise_uncaught_exception
    raise exc
  File "/Users/ankitsamant/PROJECT_W/env/lib/python3.14/site-packages/rest_framework/views.py", line 506, in dispatch
    response = handler(request, *args, **kwargs)
  File "/Users/ankitsamant/PROJECT_W/store_app/api/purchase.py", line 1219, in get
    {"count": queryset.count(), "results": serializer.data},
                                           ^^^^^^^^^^^^^^^
  File "/Users/ankitsamant/PROJECT_W/env/lib/python3.14/site-packages/rest_framework/serializers.py", line 768, in data
    ret = super().data
          ^^^^^^^^^^^^
  File "/Users/ankitsamant/PROJECT_W/env/lib/python3.14/site-packages/rest_framework/serializers.py", line 253, in data
    self._data = self.to_representation(self.instance)
                 ~~~~~~~~~~~~~~~~~~~~~~^^^^^^^^^^^^^^^
  File "/Users/ankitsamant/PROJECT_W/env/lib/python3.14/site-packages/rest_framework/serializers.py", line 687, in to_representation
    self.child.to_representation(item) for item in iterable
    ~~~~~~~~~~~~~~~~~~~~~~~~~~~~^^^^^^
  File "/Users/ankitsamant/PROJECT_W/env/lib/python3.14/site-packages/rest_framework/serializers.py", line 522, in to_representation
    ret[field.field_name] = field.to_representation(attribute)
                            ~~~~~~~~~~~~~~~~~~~~~~~^^^^^^^^^^^
  File "/Users/ankitsamant/PROJECT_W/env/lib/python3.14/site-packages/rest_framework/fields.py", line 1838, in to_representation
    return method(value)
  File "/Users/ankitsamant/PROJECT_W/store_app/serializers.py", line 461, in get_items
    for item in obj.items.select_related("product").all()
                ~~~~~~~~~~~~~~~~~~~~~~~~~~~~~~~~~~~~~~~^^
  File "/Users/ankitsamant/PROJECT_W/env/lib/python3.14/site-packages/django/db/models/query.py", line 398, in __iter__
    self._fetch_all()
    ~~~~~~~~~~~~~~~^^
  File "/Users/ankitsamant/PROJECT_W/env/lib/python3.14/site-packages/django/db/models/query.py", line 1881, in _fetch_all
    self._result_cache = list(self._iterable_class(self))
                         ~~~~^^^^^^^^^^^^^^^^^^^^^^^^^^^^
  File "/Users/ankitsamant/PROJECT_W/env/lib/python3.14/site-packages/django/db/models/query.py", line 91, in __iter__
    results = compiler.execute_sql(
        chunked_fetch=self.chunked_fetch, chunk_size=self.chunk_size
    )
  File "/Users/ankitsamant/PROJECT_W/env/lib/python3.14/site-packages/django/db/models/sql/compiler.py", line 1560, in execute_sql
    cursor.execute(sql, params)
    ~~~~~~~~~~~~~~^^^^^^^^^^^^^
  File "/Users/ankitsamant/PROJECT_W/env/lib/python3.14/site-packages/django/db/backends/utils.py", line 67, in execute
    return self._execute_with_wrappers(
           ~~~~~~~~~~~~~~~~~~~~~~~~~~~^
        sql, params, many=False, executor=self._execute
        ^^^^^^^^^^^^^^^^^^^^^^^^^^^^^^^^^^^^^^^^^^^^^^^
    )
    ^
  File "/Users/ankitsamant/PROJECT_W/env/lib/python3.14/site-packages/django/db/backends/utils.py", line 80, in _execute_with_wrappers
    return executor(sql, params, many, context)
  File "/Users/ankitsamant/PROJECT_W/env/lib/python3.14/site-packages/django/db/backends/utils.py", line 84, in _execute
    with self.db.wrap_database_errors:
         ^^^^^^^^^^^^^^^^^^^^^^^^^^^^
  File "/Users/ankitsamant/PROJECT_W/env/lib/python3.14/site-packages/django/db/utils.py", line 91, in __exit__
    raise dj_exc_value.with_traceback(traceback) from exc_value
  File "/Users/ankitsamant/PROJECT_W/env/lib/python3.14/site-packages/django/db/backends/utils.py", line 89, in _execute
    return self.cursor.execute(sql, params)
           ~~~~~~~~~~~~~~~~~~~^^^^^^^^^^^^^
  File "/Users/ankitsamant/PROJECT_W/env/lib/python3.14/site-packages/django/db/backends/mysql/base.py", line 75, in execute
    return self.cursor.execute(query, args)
           ~~~~~~~~~~~~~~~~~~~^^^^^^^^^^^^^
  File "/Users/ankitsamant/PROJECT_W/env/lib/python3.14/site-packages/pymysql/cursors.py", line 153, in execute
    result = self._query(query)
  File "/Users/ankitsamant/PROJECT_W/env/lib/python3.14/site-packages/pymysql/cursors.py", line 322, in _query
    conn.query(q)
    ~~~~~~~~~~^^^
  File "/Users/ankitsamant/PROJECT_W/env/lib/python3.14/site-packages/pymysql/connections.py", line 575, in query
    self._affected_rows = self._read_query_result(unbuffered=unbuffered)
                          ~~~~~~~~~~~~~~~~~~~~~~~^^^^^^^^^^^^^^^^^^^^^^^
  File "/Users/ankitsamant/PROJECT_W/env/lib/python3.14/site-packages/pymysql/connections.py", line 826, in _read_query_result
    result.read()
    ~~~~~~~~~~~^^
  File "/Users/ankitsamant/PROJECT_W/env/lib/python3.14/site-packages/pymysql/connections.py", line 1203, in read
    first_packet = self.connection._read_packet()
  File "/Users/ankitsamant/PROJECT_W/env/lib/python3.14/site-packages/pymysql/connections.py", line 782, in _read_packet
    packet.raise_for_error()
    ~~~~~~~~~~~~~~~~~~~~~~^^
  File "/Users/ankitsamant/PROJECT_W/env/lib/python3.14/site-packages/pymysql/protocol.py", line 219, in raise_for_error
    err.raise_mysql_exception(self._data)
    ~~~~~~~~~~~~~~~~~~~~~~~~~^^^^^^^^^^^^
  File "/Users/ankitsamant/PROJECT_W/env/lib/python3.14/site-packages/pymysql/err.py", line 150, in raise_mysql_exception
    raise errorclass(errno, errval)
django.db.utils.OperationalError: (1054, "Unknown column 'store_app_purchasebillitem.total_price' in 'field list'")
ERROR 2026-05-28 11:14:38,754 django.request log:241 Internal Server Error: /api/order-ui-list/
Traceback (most recent call last):
  File "/Users/ankitsamant/PROJECT_W/env/lib/python3.14/site-packages/django/db/backends/utils.py", line 89, in _execute
    return self.cursor.execute(sql, params)
           ~~~~~~~~~~~~~~~~~~~^^^^^^^^^^^^^
  File "/Users/ankitsamant/PROJECT_W/env/lib/python3.14/site-packages/django/db/backends/mysql/base.py", line 75, in execute
    return self.cursor.execute(query, args)
           ~~~~~~~~~~~~~~~~~~~^^^^^^^^^^^^^
  File "/Users/ankitsamant/PROJECT_W/env/lib/python3.14/site-packages/pymysql/cursors.py", line 153, in execute
    result = self._query(query)
  File "/Users/ankitsamant/PROJECT_W/env/lib/python3.14/site-packages/pymysql/cursors.py", line 322, in _query
    conn.query(q)
    ~~~~~~~~~~^^^
  File "/Users/ankitsamant/PROJECT_W/env/lib/python3.14/site-packages/pymysql/connections.py", line 575, in query
    self._affected_rows = self._read_query_result(unbuffered=unbuffered)
                          ~~~~~~~~~~~~~~~~~~~~~~~^^^^^^^^^^^^^^^^^^^^^^^
  File "/Users/ankitsamant/PROJECT_W/env/lib/python3.14/site-packages/pymysql/connections.py", line 826, in _read_query_result
    result.read()
    ~~~~~~~~~~~^^
  File "/Users/ankitsamant/PROJECT_W/env/lib/python3.14/site-packages/pymysql/connections.py", line 1203, in read
    first_packet = self.connection._read_packet()
  File "/Users/ankitsamant/PROJECT_W/env/lib/python3.14/site-packages/pymysql/connections.py", line 782, in _read_packet
    packet.raise_for_error()
    ~~~~~~~~~~~~~~~~~~~~~~^^
  File "/Users/ankitsamant/PROJECT_W/env/lib/python3.14/site-packages/pymysql/protocol.py", line 219, in raise_for_error
    err.raise_mysql_exception(self._data)
    ~~~~~~~~~~~~~~~~~~~~~~~~~^^^^^^^^^^^^
  File "/Users/ankitsamant/PROJECT_W/env/lib/python3.14/site-packages/pymysql/err.py", line 150, in raise_mysql_exception
    raise errorclass(errno, errval)
pymysql.err.OperationalError: (1054, "Unknown column 'store_app_order.buyer_tax_amount' in 'field list'")

The above exception was the direct cause of the following exception:

Traceback (most recent call last):
  File "/Users/ankitsamant/PROJECT_W/env/lib/python3.14/site-packages/django/core/handlers/exception.py", line 55, in inner
    response = get_response(request)
  File "/Users/ankitsamant/PROJECT_W/env/lib/python3.14/site-packages/django/core/handlers/base.py", line 197, in _get_response
    response = wrapped_callback(request, *callback_args, **callback_kwargs)
  File "/Users/ankitsamant/PROJECT_W/env/lib/python3.14/site-packages/django/views/decorators/csrf.py", line 56, in wrapper_view
    return view_func(*args, **kwargs)
  File "/Users/ankitsamant/PROJECT_W/env/lib/python3.14/site-packages/django/views/generic/base.py", line 104, in view
    return self.dispatch(request, *args, **kwargs)
           ~~~~~~~~~~~~~^^^^^^^^^^^^^^^^^^^^^^^^^^
  File "/Users/ankitsamant/PROJECT_W/env/lib/python3.14/site-packages/rest_framework/views.py", line 509, in dispatch
    response = self.handle_exception(exc)
  File "/Users/ankitsamant/PROJECT_W/env/lib/python3.14/site-packages/rest_framework/views.py", line 469, in handle_exception
    self.raise_uncaught_exception(exc)
    ~~~~~~~~~~~~~~~~~~~~~~~~~~~~~^^^^^
  File "/Users/ankitsamant/PROJECT_W/env/lib/python3.14/site-packages/rest_framework/views.py", line 480, in raise_uncaught_exception
    raise exc
  File "/Users/ankitsamant/PROJECT_W/env/lib/python3.14/site-packages/rest_framework/views.py", line 506, in dispatch
    response = handler(request, *args, **kwargs)
  File "/Users/ankitsamant/PROJECT_W/store_app/views.py", line 1881, in get
    "data": serializer.data,
            ^^^^^^^^^^^^^^^
  File "/Users/ankitsamant/PROJECT_W/env/lib/python3.14/site-packages/rest_framework/serializers.py", line 768, in data
    ret = super().data
          ^^^^^^^^^^^^
  File "/Users/ankitsamant/PROJECT_W/env/lib/python3.14/site-packages/rest_framework/serializers.py", line 253, in data
    self._data = self.to_representation(self.instance)
                 ~~~~~~~~~~~~~~~~~~~~~~^^^^^^^^^^^^^^^
  File "/Users/ankitsamant/PROJECT_W/env/lib/python3.14/site-packages/rest_framework/serializers.py", line 687, in to_representation
    self.child.to_representation(item) for item in iterable
                                                   ^^^^^^^^
  File "/Users/ankitsamant/PROJECT_W/env/lib/python3.14/site-packages/django/db/models/query.py", line 398, in __iter__
    self._fetch_all()
    ~~~~~~~~~~~~~~~^^
  File "/Users/ankitsamant/PROJECT_W/env/lib/python3.14/site-packages/django/db/models/query.py", line 1881, in _fetch_all
    self._result_cache = list(self._iterable_class(self))
                         ~~~~^^^^^^^^^^^^^^^^^^^^^^^^^^^^
  File "/Users/ankitsamant/PROJECT_W/env/lib/python3.14/site-packages/django/db/models/query.py", line 91, in __iter__
    results = compiler.execute_sql(
        chunked_fetch=self.chunked_fetch, chunk_size=self.chunk_size
    )
  File "/Users/ankitsamant/PROJECT_W/env/lib/python3.14/site-packages/django/db/models/sql/compiler.py", line 1560, in execute_sql
    cursor.execute(sql, params)
    ~~~~~~~~~~~~~~^^^^^^^^^^^^^
  File "/Users/ankitsamant/PROJECT_W/env/lib/python3.14/site-packages/django/db/backends/utils.py", line 67, in execute
    return self._execute_with_wrappers(
           ~~~~~~~~~~~~~~~~~~~~~~~~~~~^
        sql, params, many=False, executor=self._execute
        ^^^^^^^^^^^^^^^^^^^^^^^^^^^^^^^^^^^^^^^^^^^^^^^
    )
    ^
  File "/Users/ankitsamant/PROJECT_W/env/lib/python3.14/site-packages/django/db/backends/utils.py", line 80, in _execute_with_wrappers
    return executor(sql, params, many, context)
  File "/Users/ankitsamant/PROJECT_W/env/lib/python3.14/site-packages/django/db/backends/utils.py", line 84, in _execute
    with self.db.wrap_database_errors:
         ^^^^^^^^^^^^^^^^^^^^^^^^^^^^
  File "/Users/ankitsamant/PROJECT_W/env/lib/python3.14/site-packages/django/db/utils.py", line 91, in __exit__
    raise dj_exc_value.with_traceback(traceback) from exc_value
  File "/Users/ankitsamant/PROJECT_W/env/lib/python3.14/site-packages/django/db/backends/utils.py", line 89, in _execute
    return self.cursor.execute(sql, params)
           ~~~~~~~~~~~~~~~~~~~^^^^^^^^^^^^^
  File "/Users/ankitsamant/PROJECT_W/env/lib/python3.14/site-packages/django/db/backends/mysql/base.py", line 75, in execute
    return self.cursor.execute(query, args)
           ~~~~~~~~~~~~~~~~~~~^^^^^^^^^^^^^
  File "/Users/ankitsamant/PROJECT_W/env/lib/python3.14/site-packages/pymysql/cursors.py", line 153, in execute
    result = self._query(query)
  File "/Users/ankitsamant/PROJECT_W/env/lib/python3.14/site-packages/pymysql/cursors.py", line 322, in _query
    conn.query(q)
    ~~~~~~~~~~^^^
  File "/Users/ankitsamant/PROJECT_W/env/lib/python3.14/site-packages/pymysql/connections.py", line 575, in query
    self._affected_rows = self._read_query_result(unbuffered=unbuffered)
                          ~~~~~~~~~~~~~~~~~~~~~~~^^^^^^^^^^^^^^^^^^^^^^^
  File "/Users/ankitsamant/PROJECT_W/env/lib/python3.14/site-packages/pymysql/connections.py", line 826, in _read_query_result
    result.read()
    ~~~~~~~~~~~^^
  File "/Users/ankitsamant/PROJECT_W/env/lib/python3.14/site-packages/pymysql/connections.py", line 1203, in read
    first_packet = self.connection._read_packet()
  File "/Users/ankitsamant/PROJECT_W/env/lib/python3.14/site-packages/pymysql/connections.py", line 782, in _read_packet
    packet.raise_for_error()
    ~~~~~~~~~~~~~~~~~~~~~~^^
  File "/Users/ankitsamant/PROJECT_W/env/lib/python3.14/site-packages/pymysql/protocol.py", line 219, in raise_for_error
    err.raise_mysql_exception(self._data)
    ~~~~~~~~~~~~~~~~~~~~~~~~~^^^^^^^^^^^^
  File "/Users/ankitsamant/PROJECT_W/env/lib/python3.14/site-packages/pymysql/err.py", line 150, in raise_mysql_exception
    raise errorclass(errno, errval)
django.db.utils.OperationalError: (1054, "Unknown column 'store_app_order.buyer_tax_amount' in 'field list'")
ERROR 2026-05-28 11:16:10,965 django.request log:241 Internal Server Error: /api/order-ui-list/
Traceback (most recent call last):
  File "/Users/ankitsamant/PROJECT_W/env/lib/python3.14/site-packages/django/db/backends/utils.py", line 89, in _execute
    return self.cursor.execute(sql, params)
           ~~~~~~~~~~~~~~~~~~~^^^^^^^^^^^^^
  File "/Users/ankitsamant/PROJECT_W/env/lib/python3.14/site-packages/django/db/backends/mysql/base.py", line 75, in execute
    return self.cursor.execute(query, args)
           ~~~~~~~~~~~~~~~~~~~^^^^^^^^^^^^^
  File "/Users/ankitsamant/PROJECT_W/env/lib/python3.14/site-packages/pymysql/cursors.py", line 153, in execute
    result = self._query(query)
  File "/Users/ankitsamant/PROJECT_W/env/lib/python3.14/site-packages/pymysql/cursors.py", line 322, in _query
    conn.query(q)
    ~~~~~~~~~~^^^
  File "/Users/ankitsamant/PROJECT_W/env/lib/python3.14/site-packages/pymysql/connections.py", line 575, in query
    self._affected_rows = self._read_query_result(unbuffered=unbuffered)
                          ~~~~~~~~~~~~~~~~~~~~~~~^^^^^^^^^^^^^^^^^^^^^^^
  File "/Users/ankitsamant/PROJECT_W/env/lib/python3.14/site-packages/pymysql/connections.py", line 826, in _read_query_result
    result.read()
    ~~~~~~~~~~~^^
  File "/Users/ankitsamant/PROJECT_W/env/lib/python3.14/site-packages/pymysql/connections.py", line 1203, in read
    first_packet = self.connection._read_packet()
  File "/Users/ankitsamant/PROJECT_W/env/lib/python3.14/site-packages/pymysql/connections.py", line 782, in _read_packet
    packet.raise_for_error()
    ~~~~~~~~~~~~~~~~~~~~~~^^
  File "/Users/ankitsamant/PROJECT_W/env/lib/python3.14/site-packages/pymysql/protocol.py", line 219, in raise_for_error
    err.raise_mysql_exception(self._data)
    ~~~~~~~~~~~~~~~~~~~~~~~~~^^^^^^^^^^^^
  File "/Users/ankitsamant/PROJECT_W/env/lib/python3.14/site-packages/pymysql/err.py", line 150, in raise_mysql_exception
    raise errorclass(errno, errval)
pymysql.err.OperationalError: (1054, "Unknown column 'store_app_order.buyer_tax_amount' in 'field list'")

The above exception was the direct cause of the following exception:

Traceback (most recent call last):
  File "/Users/ankitsamant/PROJECT_W/env/lib/python3.14/site-packages/django/core/handlers/exception.py", line 55, in inner
    response = get_response(request)
  File "/Users/ankitsamant/PROJECT_W/env/lib/python3.14/site-packages/django/core/handlers/base.py", line 197, in _get_response
    response = wrapped_callback(request, *callback_args, **callback_kwargs)
  File "/Users/ankitsamant/PROJECT_W/env/lib/python3.14/site-packages/django/views/decorators/csrf.py", line 56, in wrapper_view
    return view_func(*args, **kwargs)
  File "/Users/ankitsamant/PROJECT_W/env/lib/python3.14/site-packages/django/views/generic/base.py", line 104, in view
    return self.dispatch(request, *args, **kwargs)
           ~~~~~~~~~~~~~^^^^^^^^^^^^^^^^^^^^^^^^^^
  File "/Users/ankitsamant/PROJECT_W/env/lib/python3.14/site-packages/rest_framework/views.py", line 509, in dispatch
    response = self.handle_exception(exc)
  File "/Users/ankitsamant/PROJECT_W/env/lib/python3.14/site-packages/rest_framework/views.py", line 469, in handle_exception
    self.raise_uncaught_exception(exc)
    ~~~~~~~~~~~~~~~~~~~~~~~~~~~~~^^^^^
  File "/Users/ankitsamant/PROJECT_W/env/lib/python3.14/site-packages/rest_framework/views.py", line 480, in raise_uncaught_exception
    raise exc
  File "/Users/ankitsamant/PROJECT_W/env/lib/python3.14/site-packages/rest_framework/views.py", line 506, in dispatch
    response = handler(request, *args, **kwargs)
  File "/Users/ankitsamant/PROJECT_W/store_app/views.py", line 1881, in get
    "data": serializer.data,
            ^^^^^^^^^^^^^^^
  File "/Users/ankitsamant/PROJECT_W/env/lib/python3.14/site-packages/rest_framework/serializers.py", line 768, in data
    ret = super().data
          ^^^^^^^^^^^^
  File "/Users/ankitsamant/PROJECT_W/env/lib/python3.14/site-packages/rest_framework/serializers.py", line 253, in data
    self._data = self.to_representation(self.instance)
                 ~~~~~~~~~~~~~~~~~~~~~~^^^^^^^^^^^^^^^
  File "/Users/ankitsamant/PROJECT_W/env/lib/python3.14/site-packages/rest_framework/serializers.py", line 687, in to_representation
    self.child.to_representation(item) for item in iterable
                                                   ^^^^^^^^
  File "/Users/ankitsamant/PROJECT_W/env/lib/python3.14/site-packages/django/db/models/query.py", line 398, in __iter__
    self._fetch_all()
    ~~~~~~~~~~~~~~~^^
  File "/Users/ankitsamant/PROJECT_W/env/lib/python3.14/site-packages/django/db/models/query.py", line 1881, in _fetch_all
    self._result_cache = list(self._iterable_class(self))
                         ~~~~^^^^^^^^^^^^^^^^^^^^^^^^^^^^
  File "/Users/ankitsamant/PROJECT_W/env/lib/python3.14/site-packages/django/db/models/query.py", line 91, in __iter__
    results = compiler.execute_sql(
        chunked_fetch=self.chunked_fetch, chunk_size=self.chunk_size
    )
  File "/Users/ankitsamant/PROJECT_W/env/lib/python3.14/site-packages/django/db/models/sql/compiler.py", line 1560, in execute_sql
    cursor.execute(sql, params)
    ~~~~~~~~~~~~~~^^^^^^^^^^^^^
  File "/Users/ankitsamant/PROJECT_W/env/lib/python3.14/site-packages/django/db/backends/utils.py", line 67, in execute
    return self._execute_with_wrappers(
           ~~~~~~~~~~~~~~~~~~~~~~~~~~~^
        sql, params, many=False, executor=self._execute
        ^^^^^^^^^^^^^^^^^^^^^^^^^^^^^^^^^^^^^^^^^^^^^^^
    )
    ^
  File "/Users/ankitsamant/PROJECT_W/env/lib/python3.14/site-packages/django/db/backends/utils.py", line 80, in _execute_with_wrappers
    return executor(sql, params, many, context)
  File "/Users/ankitsamant/PROJECT_W/env/lib/python3.14/site-packages/django/db/backends/utils.py", line 84, in _execute
    with self.db.wrap_database_errors:
         ^^^^^^^^^^^^^^^^^^^^^^^^^^^^
  File "/Users/ankitsamant/PROJECT_W/env/lib/python3.14/site-packages/django/db/utils.py", line 91, in __exit__
    raise dj_exc_value.with_traceback(traceback) from exc_value
  File "/Users/ankitsamant/PROJECT_W/env/lib/python3.14/site-packages/django/db/backends/utils.py", line 89, in _execute
    return self.cursor.execute(sql, params)
           ~~~~~~~~~~~~~~~~~~~^^^^^^^^^^^^^
  File "/Users/ankitsamant/PROJECT_W/env/lib/python3.14/site-packages/django/db/backends/mysql/base.py", line 75, in execute
    return self.cursor.execute(query, args)
           ~~~~~~~~~~~~~~~~~~~^^^^^^^^^^^^^
  File "/Users/ankitsamant/PROJECT_W/env/lib/python3.14/site-packages/pymysql/cursors.py", line 153, in execute
    result = self._query(query)
  File "/Users/ankitsamant/PROJECT_W/env/lib/python3.14/site-packages/pymysql/cursors.py", line 322, in _query
    conn.query(q)
    ~~~~~~~~~~^^^
  File "/Users/ankitsamant/PROJECT_W/env/lib/python3.14/site-packages/pymysql/connections.py", line 575, in query
    self._affected_rows = self._read_query_result(unbuffered=unbuffered)
                          ~~~~~~~~~~~~~~~~~~~~~~~^^^^^^^^^^^^^^^^^^^^^^^
  File "/Users/ankitsamant/PROJECT_W/env/lib/python3.14/site-packages/pymysql/connections.py", line 826, in _read_query_result
    result.read()
    ~~~~~~~~~~~^^
  File "/Users/ankitsamant/PROJECT_W/env/lib/python3.14/site-packages/pymysql/connections.py", line 1203, in read
    first_packet = self.connection._read_packet()
  File "/Users/ankitsamant/PROJECT_W/env/lib/python3.14/site-packages/pymysql/connections.py", line 782, in _read_packet
    packet.raise_for_error()
    ~~~~~~~~~~~~~~~~~~~~~~^^
  File "/Users/ankitsamant/PROJECT_W/env/lib/python3.14/site-packages/pymysql/protocol.py", line 219, in raise_for_error
    err.raise_mysql_exception(self._data)
    ~~~~~~~~~~~~~~~~~~~~~~~~~^^^^^^^^^^^^
  File "/Users/ankitsamant/PROJECT_W/env/lib/python3.14/site-packages/pymysql/err.py", line 150, in raise_mysql_exception
    raise errorclass(errno, errval)
django.db.utils.OperationalError: (1054, "Unknown column 'store_app_order.buyer_tax_amount' in 'field list'")
ERROR 2026-05-28 11:16:14,557 django.request log:241 Internal Server Error: /api/order-ui-list/
Traceback (most recent call last):
  File "/Users/ankitsamant/PROJECT_W/env/lib/python3.14/site-packages/django/db/backends/utils.py", line 89, in _execute
    return self.cursor.execute(sql, params)
           ~~~~~~~~~~~~~~~~~~~^^^^^^^^^^^^^
  File "/Users/ankitsamant/PROJECT_W/env/lib/python3.14/site-packages/django/db/backends/mysql/base.py", line 75, in execute
    return self.cursor.execute(query, args)
           ~~~~~~~~~~~~~~~~~~~^^^^^^^^^^^^^
  File "/Users/ankitsamant/PROJECT_W/env/lib/python3.14/site-packages/pymysql/cursors.py", line 153, in execute
    result = self._query(query)
  File "/Users/ankitsamant/PROJECT_W/env/lib/python3.14/site-packages/pymysql/cursors.py", line 322, in _query
    conn.query(q)
    ~~~~~~~~~~^^^
  File "/Users/ankitsamant/PROJECT_W/env/lib/python3.14/site-packages/pymysql/connections.py", line 575, in query
    self._affected_rows = self._read_query_result(unbuffered=unbuffered)
                          ~~~~~~~~~~~~~~~~~~~~~~~^^^^^^^^^^^^^^^^^^^^^^^
  File "/Users/ankitsamant/PROJECT_W/env/lib/python3.14/site-packages/pymysql/connections.py", line 826, in _read_query_result
    result.read()
    ~~~~~~~~~~~^^
  File "/Users/ankitsamant/PROJECT_W/env/lib/python3.14/site-packages/pymysql/connections.py", line 1203, in read
    first_packet = self.connection._read_packet()
  File "/Users/ankitsamant/PROJECT_W/env/lib/python3.14/site-packages/pymysql/connections.py", line 782, in _read_packet
    packet.raise_for_error()
    ~~~~~~~~~~~~~~~~~~~~~~^^
  File "/Users/ankitsamant/PROJECT_W/env/lib/python3.14/site-packages/pymysql/protocol.py", line 219, in raise_for_error
    err.raise_mysql_exception(self._data)
    ~~~~~~~~~~~~~~~~~~~~~~~~~^^^^^^^^^^^^
  File "/Users/ankitsamant/PROJECT_W/env/lib/python3.14/site-packages/pymysql/err.py", line 150, in raise_mysql_exception
    raise errorclass(errno, errval)
pymysql.err.OperationalError: (1054, "Unknown column 'store_app_order.buyer_tax_amount' in 'field list'")

The above exception was the direct cause of the following exception:

Traceback (most recent call last):
  File "/Users/ankitsamant/PROJECT_W/env/lib/python3.14/site-packages/django/core/handlers/exception.py", line 55, in inner
    response = get_response(request)
  File "/Users/ankitsamant/PROJECT_W/env/lib/python3.14/site-packages/django/core/handlers/base.py", line 197, in _get_response
    response = wrapped_callback(request, *callback_args, **callback_kwargs)
  File "/Users/ankitsamant/PROJECT_W/env/lib/python3.14/site-packages/django/views/decorators/csrf.py", line 56, in wrapper_view
    return view_func(*args, **kwargs)
  File "/Users/ankitsamant/PROJECT_W/env/lib/python3.14/site-packages/django/views/generic/base.py", line 104, in view
    return self.dispatch(request, *args, **kwargs)
           ~~~~~~~~~~~~~^^^^^^^^^^^^^^^^^^^^^^^^^^
  File "/Users/ankitsamant/PROJECT_W/env/lib/python3.14/site-packages/rest_framework/views.py", line 509, in dispatch
    response = self.handle_exception(exc)
  File "/Users/ankitsamant/PROJECT_W/env/lib/python3.14/site-packages/rest_framework/views.py", line 469, in handle_exception
    self.raise_uncaught_exception(exc)
    ~~~~~~~~~~~~~~~~~~~~~~~~~~~~~^^^^^
  File "/Users/ankitsamant/PROJECT_W/env/lib/python3.14/site-packages/rest_framework/views.py", line 480, in raise_uncaught_exception
    raise exc
  File "/Users/ankitsamant/PROJECT_W/env/lib/python3.14/site-packages/rest_framework/views.py", line 506, in dispatch
    response = handler(request, *args, **kwargs)
  File "/Users/ankitsamant/PROJECT_W/store_app/views.py", line 1881, in get
    "data": serializer.data,
            ^^^^^^^^^^^^^^^
  File "/Users/ankitsamant/PROJECT_W/env/lib/python3.14/site-packages/rest_framework/serializers.py", line 768, in data
    ret = super().data
          ^^^^^^^^^^^^
  File "/Users/ankitsamant/PROJECT_W/env/lib/python3.14/site-packages/rest_framework/serializers.py", line 253, in data
    self._data = self.to_representation(self.instance)
                 ~~~~~~~~~~~~~~~~~~~~~~^^^^^^^^^^^^^^^
  File "/Users/ankitsamant/PROJECT_W/env/lib/python3.14/site-packages/rest_framework/serializers.py", line 687, in to_representation
    self.child.to_representation(item) for item in iterable
                                                   ^^^^^^^^
  File "/Users/ankitsamant/PROJECT_W/env/lib/python3.14/site-packages/django/db/models/query.py", line 398, in __iter__
    self._fetch_all()
    ~~~~~~~~~~~~~~~^^
  File "/Users/ankitsamant/PROJECT_W/env/lib/python3.14/site-packages/django/db/models/query.py", line 1881, in _fetch_all
    self._result_cache = list(self._iterable_class(self))
                         ~~~~^^^^^^^^^^^^^^^^^^^^^^^^^^^^
  File "/Users/ankitsamant/PROJECT_W/env/lib/python3.14/site-packages/django/db/models/query.py", line 91, in __iter__
    results = compiler.execute_sql(
        chunked_fetch=self.chunked_fetch, chunk_size=self.chunk_size
    )
  File "/Users/ankitsamant/PROJECT_W/env/lib/python3.14/site-packages/django/db/models/sql/compiler.py", line 1560, in execute_sql
    cursor.execute(sql, params)
    ~~~~~~~~~~~~~~^^^^^^^^^^^^^
  File "/Users/ankitsamant/PROJECT_W/env/lib/python3.14/site-packages/django/db/backends/utils.py", line 67, in execute
    return self._execute_with_wrappers(
           ~~~~~~~~~~~~~~~~~~~~~~~~~~~^
        sql, params, many=False, executor=self._execute
        ^^^^^^^^^^^^^^^^^^^^^^^^^^^^^^^^^^^^^^^^^^^^^^^
    )
    ^
  File "/Users/ankitsamant/PROJECT_W/env/lib/python3.14/site-packages/django/db/backends/utils.py", line 80, in _execute_with_wrappers
    return executor(sql, params, many, context)
  File "/Users/ankitsamant/PROJECT_W/env/lib/python3.14/site-packages/django/db/backends/utils.py", line 84, in _execute
    with self.db.wrap_database_errors:
         ^^^^^^^^^^^^^^^^^^^^^^^^^^^^
  File "/Users/ankitsamant/PROJECT_W/env/lib/python3.14/site-packages/django/db/utils.py", line 91, in __exit__
    raise dj_exc_value.with_traceback(traceback) from exc_value
  File "/Users/ankitsamant/PROJECT_W/env/lib/python3.14/site-packages/django/db/backends/utils.py", line 89, in _execute
    return self.cursor.execute(sql, params)
           ~~~~~~~~~~~~~~~~~~~^^^^^^^^^^^^^
  File "/Users/ankitsamant/PROJECT_W/env/lib/python3.14/site-packages/django/db/backends/mysql/base.py", line 75, in execute
    return self.cursor.execute(query, args)
           ~~~~~~~~~~~~~~~~~~~^^^^^^^^^^^^^
  File "/Users/ankitsamant/PROJECT_W/env/lib/python3.14/site-packages/pymysql/cursors.py", line 153, in execute
    result = self._query(query)
  File "/Users/ankitsamant/PROJECT_W/env/lib/python3.14/site-packages/pymysql/cursors.py", line 322, in _query
    conn.query(q)
    ~~~~~~~~~~^^^
  File "/Users/ankitsamant/PROJECT_W/env/lib/python3.14/site-packages/pymysql/connections.py", line 575, in query
    self._affected_rows = self._read_query_result(unbuffered=unbuffered)
                          ~~~~~~~~~~~~~~~~~~~~~~~^^^^^^^^^^^^^^^^^^^^^^^
  File "/Users/ankitsamant/PROJECT_W/env/lib/python3.14/site-packages/pymysql/connections.py", line 826, in _read_query_result
    result.read()
    ~~~~~~~~~~~^^
  File "/Users/ankitsamant/PROJECT_W/env/lib/python3.14/site-packages/pymysql/connections.py", line 1203, in read
    first_packet = self.connection._read_packet()
  File "/Users/ankitsamant/PROJECT_W/env/lib/python3.14/site-packages/pymysql/connections.py", line 782, in _read_packet
    packet.raise_for_error()
    ~~~~~~~~~~~~~~~~~~~~~~^^
  File "/Users/ankitsamant/PROJECT_W/env/lib/python3.14/site-packages/pymysql/protocol.py", line 219, in raise_for_error
    err.raise_mysql_exception(self._data)
    ~~~~~~~~~~~~~~~~~~~~~~~~~^^^^^^^^^^^^
  File "/Users/ankitsamant/PROJECT_W/env/lib/python3.14/site-packages/pymysql/err.py", line 150, in raise_mysql_exception
    raise errorclass(errno, errval)
django.db.utils.OperationalError: (1054, "Unknown column 'store_app_order.buyer_tax_amount' in 'field list'")
ERROR 2026-05-30 09:58:49,607 django.request log:241 Internal Server Error: /api/products-update/917/
Traceback (most recent call last):
  File "/Users/ankitsamant/PROJECT_W/env/lib/python3.14/site-packages/django/core/handlers/exception.py", line 55, in inner
    response = get_response(request)
  File "/Users/ankitsamant/PROJECT_W/env/lib/python3.14/site-packages/django/core/handlers/base.py", line 197, in _get_response
    response = wrapped_callback(request, *callback_args, **callback_kwargs)
  File "/Users/ankitsamant/PROJECT_W/env/lib/python3.14/site-packages/django/views/decorators/csrf.py", line 56, in wrapper_view
    return view_func(*args, **kwargs)
  File "/Users/ankitsamant/PROJECT_W/env/lib/python3.14/site-packages/django/views/generic/base.py", line 104, in view
    return self.dispatch(request, *args, **kwargs)
           ~~~~~~~~~~~~~^^^^^^^^^^^^^^^^^^^^^^^^^^
  File "/Users/ankitsamant/PROJECT_W/env/lib/python3.14/site-packages/rest_framework/views.py", line 509, in dispatch
    response = self.handle_exception(exc)
  File "/Users/ankitsamant/PROJECT_W/env/lib/python3.14/site-packages/rest_framework/views.py", line 469, in handle_exception
    self.raise_uncaught_exception(exc)
    ~~~~~~~~~~~~~~~~~~~~~~~~~~~~~^^^^^
  File "/Users/ankitsamant/PROJECT_W/env/lib/python3.14/site-packages/rest_framework/views.py", line 480, in raise_uncaught_exception
    raise exc
  File "/Users/ankitsamant/PROJECT_W/env/lib/python3.14/site-packages/rest_framework/views.py", line 506, in dispatch
    response = handler(request, *args, **kwargs)
  File "/Users/ankitsamant/PROJECT_W/store_app/views.py", line 1460, in get
    variants = ProductVariant.objects.filter(
               ~~~~~~~~~~~~~~~~~~~~~~~~~~~~~^
        product=product
        ^^^^^^^^^^^^^^^
    ).prefetch_related("images")
    ^
  File "/Users/ankitsamant/PROJECT_W/env/lib/python3.14/site-packages/django/db/models/manager.py", line 87, in manager_method
    return getattr(self.get_queryset(), name)(*args, **kwargs)
           ~~~~~~~~~~~~~~~~~~~~~~~~~~~~~~~~~~^^^^^^^^^^^^^^^^^
  File "/Users/ankitsamant/PROJECT_W/env/lib/python3.14/site-packages/django/db/models/query.py", line 1436, in filter
    return self._filter_or_exclude(False, args, kwargs)
           ~~~~~~~~~~~~~~~~~~~~~~~^^^^^^^^^^^^^^^^^^^^^
  File "/Users/ankitsamant/PROJECT_W/env/lib/python3.14/site-packages/django/db/models/query.py", line 1454, in _filter_or_exclude
    clone._filter_or_exclude_inplace(negate, args, kwargs)
    ~~~~~~~~~~~~~~~~~~~~~~~~~~~~~~~~^^^^^^^^^^^^^^^^^^^^^^
  File "/Users/ankitsamant/PROJECT_W/env/lib/python3.14/site-packages/django/db/models/query.py", line 1461, in _filter_or_exclude_inplace
    self._query.add_q(Q(*args, **kwargs))
    ~~~~~~~~~~~~~~~~~^^^^^^^^^^^^^^^^^^^^
  File "/Users/ankitsamant/PROJECT_W/env/lib/python3.14/site-packages/django/db/models/sql/query.py", line 1498, in add_q
    clause, _ = self._add_q(q_object, self.used_aliases)
                ~~~~~~~~~~~^^^^^^^^^^^^^^^^^^^^^^^^^^^^^
  File "/Users/ankitsamant/PROJECT_W/env/lib/python3.14/site-packages/django/db/models/sql/query.py", line 1529, in _add_q
    child_clause, needed_inner = self.build_filter(
                                 ~~~~~~~~~~~~~~~~~^
        child,
        ^^^^^^
    ...<6 lines>...
        summarize=summarize,
        ^^^^^^^^^^^^^^^^^^^^
    )
    ^
  File "/Users/ankitsamant/PROJECT_W/env/lib/python3.14/site-packages/django/db/models/sql/query.py", line 1379, in build_filter
    lookups, parts, reffed_expression = self.solve_lookup_type(arg, summarize)
                                        ~~~~~~~~~~~~~~~~~~~~~~^^^^^^^^^^^^^^^^
  File "/Users/ankitsamant/PROJECT_W/env/lib/python3.14/site-packages/django/db/models/sql/query.py", line 1189, in solve_lookup_type
    _, field, _, lookup_parts = self.names_to_path(lookup_splitted, self.get_meta())
                                ~~~~~~~~~~~~~~~~~~^^^^^^^^^^^^^^^^^^^^^^^^^^^^^^^^^^
  File "/Users/ankitsamant/PROJECT_W/env/lib/python3.14/site-packages/django/db/models/sql/query.py", line 1677, in names_to_path
    raise FieldError(
    ...<2 lines>...
    )
django.core.exceptions.FieldError: Cannot resolve keyword 'product' into field. Choices are: id, images, material, price, size
ERROR 2026-05-30 09:59:10,669 django.request log:241 Internal Server Error: /api/products-update/917/
Traceback (most recent call last):
  File "/Users/ankitsamant/PROJECT_W/env/lib/python3.14/site-packages/django/core/handlers/exception.py", line 55, in inner
    response = get_response(request)
  File "/Users/ankitsamant/PROJECT_W/env/lib/python3.14/site-packages/django/core/handlers/base.py", line 197, in _get_response
    response = wrapped_callback(request, *callback_args, **callback_kwargs)
  File "/Users/ankitsamant/PROJECT_W/env/lib/python3.14/site-packages/django/views/decorators/csrf.py", line 56, in wrapper_view
    return view_func(*args, **kwargs)
  File "/Users/ankitsamant/PROJECT_W/env/lib/python3.14/site-packages/django/views/generic/base.py", line 104, in view
    return self.dispatch(request, *args, **kwargs)
           ~~~~~~~~~~~~~^^^^^^^^^^^^^^^^^^^^^^^^^^
  File "/Users/ankitsamant/PROJECT_W/env/lib/python3.14/site-packages/rest_framework/views.py", line 509, in dispatch
    response = self.handle_exception(exc)
  File "/Users/ankitsamant/PROJECT_W/env/lib/python3.14/site-packages/rest_framework/views.py", line 469, in handle_exception
    self.raise_uncaught_exception(exc)
    ~~~~~~~~~~~~~~~~~~~~~~~~~~~~~^^^^^
  File "/Users/ankitsamant/PROJECT_W/env/lib/python3.14/site-packages/rest_framework/views.py", line 480, in raise_uncaught_exception
    raise exc
  File "/Users/ankitsamant/PROJECT_W/env/lib/python3.14/site-packages/rest_framework/views.py", line 506, in dispatch
    response = handler(request, *args, **kwargs)
  File "/Users/ankitsamant/PROJECT_W/store_app/views.py", line 1460, in get
    variants = ProductVariant.objects.filter(
               ~~~~~~~~~~~~~~~~~~~~~~~~~~~~~^
        product=product
        ^^^^^^^^^^^^^^^
    ).prefetch_related("images")
    ^
  File "/Users/ankitsamant/PROJECT_W/env/lib/python3.14/site-packages/django/db/models/manager.py", line 87, in manager_method
    return getattr(self.get_queryset(), name)(*args, **kwargs)
           ~~~~~~~~~~~~~~~~~~~~~~~~~~~~~~~~~~^^^^^^^^^^^^^^^^^
  File "/Users/ankitsamant/PROJECT_W/env/lib/python3.14/site-packages/django/db/models/query.py", line 1436, in filter
    return self._filter_or_exclude(False, args, kwargs)
           ~~~~~~~~~~~~~~~~~~~~~~~^^^^^^^^^^^^^^^^^^^^^
  File "/Users/ankitsamant/PROJECT_W/env/lib/python3.14/site-packages/django/db/models/query.py", line 1454, in _filter_or_exclude
    clone._filter_or_exclude_inplace(negate, args, kwargs)
    ~~~~~~~~~~~~~~~~~~~~~~~~~~~~~~~~^^^^^^^^^^^^^^^^^^^^^^
  File "/Users/ankitsamant/PROJECT_W/env/lib/python3.14/site-packages/django/db/models/query.py", line 1461, in _filter_or_exclude_inplace
    self._query.add_q(Q(*args, **kwargs))
    ~~~~~~~~~~~~~~~~~^^^^^^^^^^^^^^^^^^^^
  File "/Users/ankitsamant/PROJECT_W/env/lib/python3.14/site-packages/django/db/models/sql/query.py", line 1498, in add_q
    clause, _ = self._add_q(q_object, self.used_aliases)
                ~~~~~~~~~~~^^^^^^^^^^^^^^^^^^^^^^^^^^^^^
  File "/Users/ankitsamant/PROJECT_W/env/lib/python3.14/site-packages/django/db/models/sql/query.py", line 1529, in _add_q
    child_clause, needed_inner = self.build_filter(
                                 ~~~~~~~~~~~~~~~~~^
        child,
        ^^^^^^
    ...<6 lines>...
        summarize=summarize,
        ^^^^^^^^^^^^^^^^^^^^
    )
    ^
  File "/Users/ankitsamant/PROJECT_W/env/lib/python3.14/site-packages/django/db/models/sql/query.py", line 1379, in build_filter
    lookups, parts, reffed_expression = self.solve_lookup_type(arg, summarize)
                                        ~~~~~~~~~~~~~~~~~~~~~~^^^^^^^^^^^^^^^^
  File "/Users/ankitsamant/PROJECT_W/env/lib/python3.14/site-packages/django/db/models/sql/query.py", line 1189, in solve_lookup_type
    _, field, _, lookup_parts = self.names_to_path(lookup_splitted, self.get_meta())
                                ~~~~~~~~~~~~~~~~~~^^^^^^^^^^^^^^^^^^^^^^^^^^^^^^^^^^
  File "/Users/ankitsamant/PROJECT_W/env/lib/python3.14/site-packages/django/db/models/sql/query.py", line 1677, in names_to_path
    raise FieldError(
    ...<2 lines>...
    )
django.core.exceptions.FieldError: Cannot resolve keyword 'product' into field. Choices are: id, images, material, price, size
ERROR 2026-05-30 09:59:51,543 django.request log:241 Internal Server Error: /api/products-update/917/
Traceback (most recent call last):
  File "/Users/ankitsamant/PROJECT_W/env/lib/python3.14/site-packages/django/core/handlers/exception.py", line 55, in inner
    response = get_response(request)
  File "/Users/ankitsamant/PROJECT_W/env/lib/python3.14/site-packages/django/core/handlers/base.py", line 197, in _get_response
    response = wrapped_callback(request, *callback_args, **callback_kwargs)
  File "/Users/ankitsamant/PROJECT_W/env/lib/python3.14/site-packages/django/views/decorators/csrf.py", line 56, in wrapper_view
    return view_func(*args, **kwargs)
  File "/Users/ankitsamant/PROJECT_W/env/lib/python3.14/site-packages/django/views/generic/base.py", line 104, in view
    return self.dispatch(request, *args, **kwargs)
           ~~~~~~~~~~~~~^^^^^^^^^^^^^^^^^^^^^^^^^^
  File "/Users/ankitsamant/PROJECT_W/env/lib/python3.14/site-packages/rest_framework/views.py", line 509, in dispatch
    response = self.handle_exception(exc)
  File "/Users/ankitsamant/PROJECT_W/env/lib/python3.14/site-packages/rest_framework/views.py", line 469, in handle_exception
    self.raise_uncaught_exception(exc)
    ~~~~~~~~~~~~~~~~~~~~~~~~~~~~~^^^^^
  File "/Users/ankitsamant/PROJECT_W/env/lib/python3.14/site-packages/rest_framework/views.py", line 480, in raise_uncaught_exception
    raise exc
  File "/Users/ankitsamant/PROJECT_W/env/lib/python3.14/site-packages/rest_framework/views.py", line 506, in dispatch
    response = handler(request, *args, **kwargs)
  File "/Users/ankitsamant/PROJECT_W/store_app/views.py", line 1460, in get
    variants = ProductVariant.objects.filter(
               ~~~~~~~~~~~~~~~~~~~~~~~~~~~~~^
        product=product
        ^^^^^^^^^^^^^^^
    ).prefetch_related("images")
    ^
  File "/Users/ankitsamant/PROJECT_W/env/lib/python3.14/site-packages/django/db/models/manager.py", line 87, in manager_method
    return getattr(self.get_queryset(), name)(*args, **kwargs)
           ~~~~~~~~~~~~~~~~~~~~~~~~~~~~~~~~~~^^^^^^^^^^^^^^^^^
  File "/Users/ankitsamant/PROJECT_W/env/lib/python3.14/site-packages/django/db/models/query.py", line 1436, in filter
    return self._filter_or_exclude(False, args, kwargs)
           ~~~~~~~~~~~~~~~~~~~~~~~^^^^^^^^^^^^^^^^^^^^^
  File "/Users/ankitsamant/PROJECT_W/env/lib/python3.14/site-packages/django/db/models/query.py", line 1454, in _filter_or_exclude
    clone._filter_or_exclude_inplace(negate, args, kwargs)
    ~~~~~~~~~~~~~~~~~~~~~~~~~~~~~~~~^^^^^^^^^^^^^^^^^^^^^^
  File "/Users/ankitsamant/PROJECT_W/env/lib/python3.14/site-packages/django/db/models/query.py", line 1461, in _filter_or_exclude_inplace
    self._query.add_q(Q(*args, **kwargs))
    ~~~~~~~~~~~~~~~~~^^^^^^^^^^^^^^^^^^^^
  File "/Users/ankitsamant/PROJECT_W/env/lib/python3.14/site-packages/django/db/models/sql/query.py", line 1498, in add_q
    clause, _ = self._add_q(q_object, self.used_aliases)
                ~~~~~~~~~~~^^^^^^^^^^^^^^^^^^^^^^^^^^^^^
  File "/Users/ankitsamant/PROJECT_W/env/lib/python3.14/site-packages/django/db/models/sql/query.py", line 1529, in _add_q
    child_clause, needed_inner = self.build_filter(
                                 ~~~~~~~~~~~~~~~~~^
        child,
        ^^^^^^
    ...<6 lines>...
        summarize=summarize,
        ^^^^^^^^^^^^^^^^^^^^
    )
    ^
  File "/Users/ankitsamant/PROJECT_W/env/lib/python3.14/site-packages/django/db/models/sql/query.py", line 1379, in build_filter
    lookups, parts, reffed_expression = self.solve_lookup_type(arg, summarize)
                                        ~~~~~~~~~~~~~~~~~~~~~~^^^^^^^^^^^^^^^^
  File "/Users/ankitsamant/PROJECT_W/env/lib/python3.14/site-packages/django/db/models/sql/query.py", line 1189, in solve_lookup_type
    _, field, _, lookup_parts = self.names_to_path(lookup_splitted, self.get_meta())
                                ~~~~~~~~~~~~~~~~~~^^^^^^^^^^^^^^^^^^^^^^^^^^^^^^^^^^
  File "/Users/ankitsamant/PROJECT_W/env/lib/python3.14/site-packages/django/db/models/sql/query.py", line 1677, in names_to_path
    raise FieldError(
    ...<2 lines>...
    )
django.core.exceptions.FieldError: Cannot resolve keyword 'product' into field. Choices are: id, images, material, price, size
ERROR 2026-05-30 09:59:59,088 django.request log:241 Internal Server Error: /api/products-update/916/
Traceback (most recent call last):
  File "/Users/ankitsamant/PROJECT_W/env/lib/python3.14/site-packages/django/core/handlers/exception.py", line 55, in inner
    response = get_response(request)
  File "/Users/ankitsamant/PROJECT_W/env/lib/python3.14/site-packages/django/core/handlers/base.py", line 197, in _get_response
    response = wrapped_callback(request, *callback_args, **callback_kwargs)
  File "/Users/ankitsamant/PROJECT_W/env/lib/python3.14/site-packages/django/views/decorators/csrf.py", line 56, in wrapper_view
    return view_func(*args, **kwargs)
  File "/Users/ankitsamant/PROJECT_W/env/lib/python3.14/site-packages/django/views/generic/base.py", line 104, in view
    return self.dispatch(request, *args, **kwargs)
           ~~~~~~~~~~~~~^^^^^^^^^^^^^^^^^^^^^^^^^^
  File "/Users/ankitsamant/PROJECT_W/env/lib/python3.14/site-packages/rest_framework/views.py", line 509, in dispatch
    response = self.handle_exception(exc)
  File "/Users/ankitsamant/PROJECT_W/env/lib/python3.14/site-packages/rest_framework/views.py", line 469, in handle_exception
    self.raise_uncaught_exception(exc)
    ~~~~~~~~~~~~~~~~~~~~~~~~~~~~~^^^^^
  File "/Users/ankitsamant/PROJECT_W/env/lib/python3.14/site-packages/rest_framework/views.py", line 480, in raise_uncaught_exception
    raise exc
  File "/Users/ankitsamant/PROJECT_W/env/lib/python3.14/site-packages/rest_framework/views.py", line 506, in dispatch
    response = handler(request, *args, **kwargs)
  File "/Users/ankitsamant/PROJECT_W/store_app/views.py", line 1460, in get
    variants = ProductVariant.objects.filter(
               ~~~~~~~~~~~~~~~~~~~~~~~~~~~~~^
        product=product
        ^^^^^^^^^^^^^^^
    ).prefetch_related("images")
    ^
  File "/Users/ankitsamant/PROJECT_W/env/lib/python3.14/site-packages/django/db/models/manager.py", line 87, in manager_method
    return getattr(self.get_queryset(), name)(*args, **kwargs)
           ~~~~~~~~~~~~~~~~~~~~~~~~~~~~~~~~~~^^^^^^^^^^^^^^^^^
  File "/Users/ankitsamant/PROJECT_W/env/lib/python3.14/site-packages/django/db/models/query.py", line 1436, in filter
    return self._filter_or_exclude(False, args, kwargs)
           ~~~~~~~~~~~~~~~~~~~~~~~^^^^^^^^^^^^^^^^^^^^^
  File "/Users/ankitsamant/PROJECT_W/env/lib/python3.14/site-packages/django/db/models/query.py", line 1454, in _filter_or_exclude
    clone._filter_or_exclude_inplace(negate, args, kwargs)
    ~~~~~~~~~~~~~~~~~~~~~~~~~~~~~~~~^^^^^^^^^^^^^^^^^^^^^^
  File "/Users/ankitsamant/PROJECT_W/env/lib/python3.14/site-packages/django/db/models/query.py", line 1461, in _filter_or_exclude_inplace
    self._query.add_q(Q(*args, **kwargs))
    ~~~~~~~~~~~~~~~~~^^^^^^^^^^^^^^^^^^^^
  File "/Users/ankitsamant/PROJECT_W/env/lib/python3.14/site-packages/django/db/models/sql/query.py", line 1498, in add_q
    clause, _ = self._add_q(q_object, self.used_aliases)
                ~~~~~~~~~~~^^^^^^^^^^^^^^^^^^^^^^^^^^^^^
  File "/Users/ankitsamant/PROJECT_W/env/lib/python3.14/site-packages/django/db/models/sql/query.py", line 1529, in _add_q
    child_clause, needed_inner = self.build_filter(
                                 ~~~~~~~~~~~~~~~~~^
        child,
        ^^^^^^
    ...<6 lines>...
        summarize=summarize,
        ^^^^^^^^^^^^^^^^^^^^
    )
    ^
  File "/Users/ankitsamant/PROJECT_W/env/lib/python3.14/site-packages/django/db/models/sql/query.py", line 1379, in build_filter
    lookups, parts, reffed_expression = self.solve_lookup_type(arg, summarize)
                                        ~~~~~~~~~~~~~~~~~~~~~~^^^^^^^^^^^^^^^^
  File "/Users/ankitsamant/PROJECT_W/env/lib/python3.14/site-packages/django/db/models/sql/query.py", line 1189, in solve_lookup_type
    _, field, _, lookup_parts = self.names_to_path(lookup_splitted, self.get_meta())
                                ~~~~~~~~~~~~~~~~~~^^^^^^^^^^^^^^^^^^^^^^^^^^^^^^^^^^
  File "/Users/ankitsamant/PROJECT_W/env/lib/python3.14/site-packages/django/db/models/sql/query.py", line 1677, in names_to_path
    raise FieldError(
    ...<2 lines>...
    )
django.core.exceptions.FieldError: Cannot resolve keyword 'product' into field. Choices are: id, images, material, price, size
ERROR 2026-05-30 10:00:06,925 django.request log:241 Internal Server Error: /api/products-update/916/
Traceback (most recent call last):
  File "/Users/ankitsamant/PROJECT_W/env/lib/python3.14/site-packages/django/core/handlers/exception.py", line 55, in inner
    response = get_response(request)
  File "/Users/ankitsamant/PROJECT_W/env/lib/python3.14/site-packages/django/core/handlers/base.py", line 197, in _get_response
    response = wrapped_callback(request, *callback_args, **callback_kwargs)
  File "/Users/ankitsamant/PROJECT_W/env/lib/python3.14/site-packages/django/views/decorators/csrf.py", line 56, in wrapper_view
    return view_func(*args, **kwargs)
  File "/Users/ankitsamant/PROJECT_W/env/lib/python3.14/site-packages/django/views/generic/base.py", line 104, in view
    return self.dispatch(request, *args, **kwargs)
           ~~~~~~~~~~~~~^^^^^^^^^^^^^^^^^^^^^^^^^^
  File "/Users/ankitsamant/PROJECT_W/env/lib/python3.14/site-packages/rest_framework/views.py", line 509, in dispatch
    response = self.handle_exception(exc)
  File "/Users/ankitsamant/PROJECT_W/env/lib/python3.14/site-packages/rest_framework/views.py", line 469, in handle_exception
    self.raise_uncaught_exception(exc)
    ~~~~~~~~~~~~~~~~~~~~~~~~~~~~~^^^^^
  File "/Users/ankitsamant/PROJECT_W/env/lib/python3.14/site-packages/rest_framework/views.py", line 480, in raise_uncaught_exception
    raise exc
  File "/Users/ankitsamant/PROJECT_W/env/lib/python3.14/site-packages/rest_framework/views.py", line 506, in dispatch
    response = handler(request, *args, **kwargs)
  File "/Users/ankitsamant/PROJECT_W/store_app/views.py", line 1460, in get
    variants = ProductVariant.objects.filter(
               ~~~~~~~~~~~~~~~~~~~~~~~~~~~~~^
        product=product
        ^^^^^^^^^^^^^^^
    ).prefetch_related("images")
    ^
  File "/Users/ankitsamant/PROJECT_W/env/lib/python3.14/site-packages/django/db/models/manager.py", line 87, in manager_method
    return getattr(self.get_queryset(), name)(*args, **kwargs)
           ~~~~~~~~~~~~~~~~~~~~~~~~~~~~~~~~~~^^^^^^^^^^^^^^^^^
  File "/Users/ankitsamant/PROJECT_W/env/lib/python3.14/site-packages/django/db/models/query.py", line 1436, in filter
    return self._filter_or_exclude(False, args, kwargs)
           ~~~~~~~~~~~~~~~~~~~~~~~^^^^^^^^^^^^^^^^^^^^^
  File "/Users/ankitsamant/PROJECT_W/env/lib/python3.14/site-packages/django/db/models/query.py", line 1454, in _filter_or_exclude
    clone._filter_or_exclude_inplace(negate, args, kwargs)
    ~~~~~~~~~~~~~~~~~~~~~~~~~~~~~~~~^^^^^^^^^^^^^^^^^^^^^^
  File "/Users/ankitsamant/PROJECT_W/env/lib/python3.14/site-packages/django/db/models/query.py", line 1461, in _filter_or_exclude_inplace
    self._query.add_q(Q(*args, **kwargs))
    ~~~~~~~~~~~~~~~~~^^^^^^^^^^^^^^^^^^^^
  File "/Users/ankitsamant/PROJECT_W/env/lib/python3.14/site-packages/django/db/models/sql/query.py", line 1498, in add_q
    clause, _ = self._add_q(q_object, self.used_aliases)
                ~~~~~~~~~~~^^^^^^^^^^^^^^^^^^^^^^^^^^^^^
  File "/Users/ankitsamant/PROJECT_W/env/lib/python3.14/site-packages/django/db/models/sql/query.py", line 1529, in _add_q
    child_clause, needed_inner = self.build_filter(
                                 ~~~~~~~~~~~~~~~~~^
        child,
        ^^^^^^
    ...<6 lines>...
        summarize=summarize,
        ^^^^^^^^^^^^^^^^^^^^
    )
    ^
  File "/Users/ankitsamant/PROJECT_W/env/lib/python3.14/site-packages/django/db/models/sql/query.py", line 1379, in build_filter
    lookups, parts, reffed_expression = self.solve_lookup_type(arg, summarize)
                                        ~~~~~~~~~~~~~~~~~~~~~~^^^^^^^^^^^^^^^^
  File "/Users/ankitsamant/PROJECT_W/env/lib/python3.14/site-packages/django/db/models/sql/query.py", line 1189, in solve_lookup_type
    _, field, _, lookup_parts = self.names_to_path(lookup_splitted, self.get_meta())
                                ~~~~~~~~~~~~~~~~~~^^^^^^^^^^^^^^^^^^^^^^^^^^^^^^^^^^
  File "/Users/ankitsamant/PROJECT_W/env/lib/python3.14/site-packages/django/db/models/sql/query.py", line 1677, in names_to_path
    raise FieldError(
    ...<2 lines>...
    )
django.core.exceptions.FieldError: Cannot resolve keyword 'product' into field. Choices are: id, images, material, price, size
ERROR 2026-05-30 10:01:59,653 django.request log:241 Internal Server Error: /api/products-update/917/
Traceback (most recent call last):
  File "/Users/ankitsamant/PROJECT_W/env/lib/python3.14/site-packages/django/core/handlers/exception.py", line 55, in inner
    response = get_response(request)
  File "/Users/ankitsamant/PROJECT_W/env/lib/python3.14/site-packages/django/core/handlers/base.py", line 197, in _get_response
    response = wrapped_callback(request, *callback_args, **callback_kwargs)
  File "/Users/ankitsamant/PROJECT_W/env/lib/python3.14/site-packages/django/views/decorators/csrf.py", line 56, in wrapper_view
    return view_func(*args, **kwargs)
  File "/Users/ankitsamant/PROJECT_W/env/lib/python3.14/site-packages/django/views/generic/base.py", line 104, in view
    return self.dispatch(request, *args, **kwargs)
           ~~~~~~~~~~~~~^^^^^^^^^^^^^^^^^^^^^^^^^^
  File "/Users/ankitsamant/PROJECT_W/env/lib/python3.14/site-packages/rest_framework/views.py", line 509, in dispatch
    response = self.handle_exception(exc)
  File "/Users/ankitsamant/PROJECT_W/env/lib/python3.14/site-packages/rest_framework/views.py", line 469, in handle_exception
    self.raise_uncaught_exception(exc)
    ~~~~~~~~~~~~~~~~~~~~~~~~~~~~~^^^^^
  File "/Users/ankitsamant/PROJECT_W/env/lib/python3.14/site-packages/rest_framework/views.py", line 480, in raise_uncaught_exception
    raise exc
  File "/Users/ankitsamant/PROJECT_W/env/lib/python3.14/site-packages/rest_framework/views.py", line 506, in dispatch
    response = handler(request, *args, **kwargs)
  File "/Users/ankitsamant/PROJECT_W/store_app/views.py", line 1460, in get
    variants = ProductVariant.objects.filter(
               ~~~~~~~~~~~~~~~~~~~~~~~~~~~~~^
        product=product
        ^^^^^^^^^^^^^^^
    ).prefetch_related("images")
    ^
  File "/Users/ankitsamant/PROJECT_W/env/lib/python3.14/site-packages/django/db/models/manager.py", line 87, in manager_method
    return getattr(self.get_queryset(), name)(*args, **kwargs)
           ~~~~~~~~~~~~~~~~~~~~~~~~~~~~~~~~~~^^^^^^^^^^^^^^^^^
  File "/Users/ankitsamant/PROJECT_W/env/lib/python3.14/site-packages/django/db/models/query.py", line 1436, in filter
    return self._filter_or_exclude(False, args, kwargs)
           ~~~~~~~~~~~~~~~~~~~~~~~^^^^^^^^^^^^^^^^^^^^^
  File "/Users/ankitsamant/PROJECT_W/env/lib/python3.14/site-packages/django/db/models/query.py", line 1454, in _filter_or_exclude
    clone._filter_or_exclude_inplace(negate, args, kwargs)
    ~~~~~~~~~~~~~~~~~~~~~~~~~~~~~~~~^^^^^^^^^^^^^^^^^^^^^^
  File "/Users/ankitsamant/PROJECT_W/env/lib/python3.14/site-packages/django/db/models/query.py", line 1461, in _filter_or_exclude_inplace
    self._query.add_q(Q(*args, **kwargs))
    ~~~~~~~~~~~~~~~~~^^^^^^^^^^^^^^^^^^^^
  File "/Users/ankitsamant/PROJECT_W/env/lib/python3.14/site-packages/django/db/models/sql/query.py", line 1498, in add_q
    clause, _ = self._add_q(q_object, self.used_aliases)
                ~~~~~~~~~~~^^^^^^^^^^^^^^^^^^^^^^^^^^^^^
  File "/Users/ankitsamant/PROJECT_W/env/lib/python3.14/site-packages/django/db/models/sql/query.py", line 1529, in _add_q
    child_clause, needed_inner = self.build_filter(
                                 ~~~~~~~~~~~~~~~~~^
        child,
        ^^^^^^
    ...<6 lines>...
        summarize=summarize,
        ^^^^^^^^^^^^^^^^^^^^
    )
    ^
  File "/Users/ankitsamant/PROJECT_W/env/lib/python3.14/site-packages/django/db/models/sql/query.py", line 1379, in build_filter
    lookups, parts, reffed_expression = self.solve_lookup_type(arg, summarize)
                                        ~~~~~~~~~~~~~~~~~~~~~~^^^^^^^^^^^^^^^^
  File "/Users/ankitsamant/PROJECT_W/env/lib/python3.14/site-packages/django/db/models/sql/query.py", line 1189, in solve_lookup_type
    _, field, _, lookup_parts = self.names_to_path(lookup_splitted, self.get_meta())
                                ~~~~~~~~~~~~~~~~~~^^^^^^^^^^^^^^^^^^^^^^^^^^^^^^^^^^
  File "/Users/ankitsamant/PROJECT_W/env/lib/python3.14/site-packages/django/db/models/sql/query.py", line 1677, in names_to_path
    raise FieldError(
    ...<2 lines>...
    )
django.core.exceptions.FieldError: Cannot resolve keyword 'product' into field. Choices are: id, images, material, price, size
ERROR 2026-05-30 10:04:02,539 django.request log:241 Internal Server Error: /api/products-update/917
Traceback (most recent call last):
  File "/Users/ankitsamant/PROJECT_W/env/lib/python3.14/site-packages/django/core/handlers/exception.py", line 55, in inner
    response = get_response(request)
  File "/Users/ankitsamant/PROJECT_W/env/lib/python3.14/site-packages/django/utils/deprecation.py", line 136, in __call__
    response = self.process_response(request, response)
  File "/Users/ankitsamant/PROJECT_W/env/lib/python3.14/site-packages/django/middleware/common.py", line 108, in process_response
    return self.response_redirect_class(self.get_full_path_with_slash(request))
                                        ~~~~~~~~~~~~~~~~~~~~~~~~~~~~~^^^^^^^^^
  File "/Users/ankitsamant/PROJECT_W/env/lib/python3.14/site-packages/django/middleware/common.py", line 87, in get_full_path_with_slash
    raise RuntimeError(
    ...<9 lines>...
    )
RuntimeError: You called this URL via PATCH, but the URL doesn't end in a slash and you have APPEND_SLASH set. Django can't redirect to the slash URL while maintaining PATCH data. Change your form to point to 6992-103-87-58-71.ngrok-free.app/api/products-update/917/ (note the trailing slash), or set APPEND_SLASH=False in your Django settings.
ERROR 2026-05-30 10:29:17,781 django.request log:241 Internal Server Error: /api/purchase-details-page/
Traceback (most recent call last):
  File "/Users/ankitsamant/PROJECT_W/env/lib/python3.14/site-packages/django/contrib/sessions/backends/base.py", line 187, in _get_session
    return self._session_cache
           ^^^^^^^^^^^^^^^^^^^
AttributeError: 'SessionStore' object has no attribute '_session_cache'

During handling of the above exception, another exception occurred:

Traceback (most recent call last):
  File "/Users/ankitsamant/PROJECT_W/env/lib/python3.14/site-packages/pymysql/connections.py", line 661, in connect
    sock = socket.create_connection(
        (self.host, self.port), self.connect_timeout, **kwargs
    )
  File "/Library/Frameworks/Python.framework/Versions/3.14/lib/python3.14/socket.py", line 870, in create_connection
    raise exceptions[0]
  File "/Library/Frameworks/Python.framework/Versions/3.14/lib/python3.14/socket.py", line 855, in create_connection
    sock.connect(sa)
    ~~~~~~~~~~~~^^^^
TimeoutError: [Errno 60] Operation timed out

During handling of the above exception, another exception occurred:

Traceback (most recent call last):
  File "/Users/ankitsamant/PROJECT_W/env/lib/python3.14/site-packages/django/db/backends/base/base.py", line 289, in ensure_connection
    self.connect()
    ~~~~~~~~~~~~^^
  File "/Users/ankitsamant/PROJECT_W/env/lib/python3.14/site-packages/django/utils/asyncio.py", line 26, in inner
    return func(*args, **kwargs)
  File "/Users/ankitsamant/PROJECT_W/env/lib/python3.14/site-packages/django/db/backends/base/base.py", line 270, in connect
    self.connection = self.get_new_connection(conn_params)
                      ~~~~~~~~~~~~~~~~~~~~~~~^^^^^^^^^^^^^
  File "/Users/ankitsamant/PROJECT_W/env/lib/python3.14/site-packages/django/utils/asyncio.py", line 26, in inner
    return func(*args, **kwargs)
  File "/Users/ankitsamant/PROJECT_W/env/lib/python3.14/site-packages/django/db/backends/mysql/base.py", line 247, in get_new_connection
    connection = Database.connect(**conn_params)
  File "/Users/ankitsamant/PROJECT_W/env/lib/python3.14/site-packages/pymysql/connections.py", line 365, in __init__
    self.connect()
    ~~~~~~~~~~~~^^
  File "/Users/ankitsamant/PROJECT_W/env/lib/python3.14/site-packages/pymysql/connections.py", line 723, in connect
    raise exc
pymysql.err.OperationalError: (2003, "Can't connect to MySQL server on '69.62.75.208' ([Errno 60] Operation timed out)")

The above exception was the direct cause of the following exception:

Traceback (most recent call last):
  File "/Users/ankitsamant/PROJECT_W/env/lib/python3.14/site-packages/django/core/handlers/exception.py", line 55, in inner
    response = get_response(request)
  File "/Users/ankitsamant/PROJECT_W/store_app/access_control.py", line 255, in __call__
    if not request.user.is_authenticated:
           ^^^^^^^^^^^^^^^^^^^^^^^^^^^^^
  File "/Users/ankitsamant/PROJECT_W/env/lib/python3.14/site-packages/django/utils/functional.py", line 266, in inner
    self._setup()
    ~~~~~~~~~~~^^
  File "/Users/ankitsamant/PROJECT_W/env/lib/python3.14/site-packages/django/utils/functional.py", line 419, in _setup
    self._wrapped = self._setupfunc()
                    ~~~~~~~~~~~~~~~^^
  File "/Users/ankitsamant/PROJECT_W/env/lib/python3.14/site-packages/django/contrib/auth/middleware.py", line 25, in <lambda>
    request.user = SimpleLazyObject(lambda: get_user(request))
                                            ~~~~~~~~^^^^^^^^^
  File "/Users/ankitsamant/PROJECT_W/env/lib/python3.14/site-packages/django/contrib/auth/middleware.py", line 11, in get_user
    request._cached_user = auth.get_user(request)
                           ~~~~~~~~~~~~~^^^^^^^^^
  File "/Users/ankitsamant/PROJECT_W/env/lib/python3.14/site-packages/django/contrib/auth/__init__.py", line 191, in get_user
    user_id = _get_user_session_key(request)
  File "/Users/ankitsamant/PROJECT_W/env/lib/python3.14/site-packages/django/contrib/auth/__init__.py", line 60, in _get_user_session_key
    return get_user_model()._meta.pk.to_python(request.session[SESSION_KEY])
                                               ~~~~~~~~~~~~~~~^^^^^^^^^^^^^
  File "/Users/ankitsamant/PROJECT_W/env/lib/python3.14/site-packages/django/contrib/sessions/backends/base.py", line 53, in __getitem__
    return self._session[key]
           ^^^^^^^^^^^^^
  File "/Users/ankitsamant/PROJECT_W/env/lib/python3.14/site-packages/django/contrib/sessions/backends/base.py", line 192, in _get_session
    self._session_cache = self.load()
                          ~~~~~~~~~^^
  File "/Users/ankitsamant/PROJECT_W/env/lib/python3.14/site-packages/django/contrib/sessions/backends/db.py", line 42, in load
    s = self._get_session_from_db()
  File "/Users/ankitsamant/PROJECT_W/env/lib/python3.14/site-packages/django/contrib/sessions/backends/db.py", line 32, in _get_session_from_db
    return self.model.objects.get(
           ~~~~~~~~~~~~~~~~~~~~~~^
        session_key=self.session_key, expire_date__gt=timezone.now()
        ^^^^^^^^^^^^^^^^^^^^^^^^^^^^^^^^^^^^^^^^^^^^^^^^^^^^^^^^^^^^
    )
    ^
  File "/Users/ankitsamant/PROJECT_W/env/lib/python3.14/site-packages/django/db/models/manager.py", line 87, in manager_method
    return getattr(self.get_queryset(), name)(*args, **kwargs)
           ~~~~~~~~~~~~~~~~~~~~~~~~~~~~~~~~~~^^^^^^^^^^^^^^^^^
  File "/Users/ankitsamant/PROJECT_W/env/lib/python3.14/site-packages/django/db/models/query.py", line 633, in get
    num = len(clone)
  File "/Users/ankitsamant/PROJECT_W/env/lib/python3.14/site-packages/django/db/models/query.py", line 380, in __len__
    self._fetch_all()
    ~~~~~~~~~~~~~~~^^
  File "/Users/ankitsamant/PROJECT_W/env/lib/python3.14/site-packages/django/db/models/query.py", line 1881, in _fetch_all
    self._result_cache = list(self._iterable_class(self))
                         ~~~~^^^^^^^^^^^^^^^^^^^^^^^^^^^^
  File "/Users/ankitsamant/PROJECT_W/env/lib/python3.14/site-packages/django/db/models/query.py", line 91, in __iter__
    results = compiler.execute_sql(
        chunked_fetch=self.chunked_fetch, chunk_size=self.chunk_size
    )
  File "/Users/ankitsamant/PROJECT_W/env/lib/python3.14/site-packages/django/db/models/sql/compiler.py", line 1558, in execute_sql
    cursor = self.connection.cursor()
  File "/Users/ankitsamant/PROJECT_W/env/lib/python3.14/site-packages/django/utils/asyncio.py", line 26, in inner
    return func(*args, **kwargs)
  File "/Users/ankitsamant/PROJECT_W/env/lib/python3.14/site-packages/django/db/backends/base/base.py", line 330, in cursor
    return self._cursor()
           ~~~~~~~~~~~~^^
  File "/Users/ankitsamant/PROJECT_W/env/lib/python3.14/site-packages/django/db/backends/base/base.py", line 306, in _cursor
    self.ensure_connection()
    ~~~~~~~~~~~~~~~~~~~~~~^^
  File "/Users/ankitsamant/PROJECT_W/env/lib/python3.14/site-packages/django/utils/asyncio.py", line 26, in inner
    return func(*args, **kwargs)
  File "/Users/ankitsamant/PROJECT_W/env/lib/python3.14/site-packages/django/db/backends/base/base.py", line 288, in ensure_connection
    with self.wrap_database_errors:
         ^^^^^^^^^^^^^^^^^^^^^^^^^
  File "/Users/ankitsamant/PROJECT_W/env/lib/python3.14/site-packages/django/db/utils.py", line 91, in __exit__
    raise dj_exc_value.with_traceback(traceback) from exc_value
  File "/Users/ankitsamant/PROJECT_W/env/lib/python3.14/site-packages/django/db/backends/base/base.py", line 289, in ensure_connection
    self.connect()
    ~~~~~~~~~~~~^^
  File "/Users/ankitsamant/PROJECT_W/env/lib/python3.14/site-packages/django/utils/asyncio.py", line 26, in inner
    return func(*args, **kwargs)
  File "/Users/ankitsamant/PROJECT_W/env/lib/python3.14/site-packages/django/db/backends/base/base.py", line 270, in connect
    self.connection = self.get_new_connection(conn_params)
                      ~~~~~~~~~~~~~~~~~~~~~~~^^^^^^^^^^^^^
  File "/Users/ankitsamant/PROJECT_W/env/lib/python3.14/site-packages/django/utils/asyncio.py", line 26, in inner
    return func(*args, **kwargs)
  File "/Users/ankitsamant/PROJECT_W/env/lib/python3.14/site-packages/django/db/backends/mysql/base.py", line 247, in get_new_connection
    connection = Database.connect(**conn_params)
  File "/Users/ankitsamant/PROJECT_W/env/lib/python3.14/site-packages/pymysql/connections.py", line 365, in __init__
    self.connect()
    ~~~~~~~~~~~~^^
  File "/Users/ankitsamant/PROJECT_W/env/lib/python3.14/site-packages/pymysql/connections.py", line 723, in connect
    raise exc
django.db.utils.OperationalError: (2003, "Can't connect to MySQL server on '69.62.75.208' ([Errno 60] Operation timed out)")
ERROR 2026-06-08 11:29:46,344 django.request log:241 Internal Server Error: /api/login-admin
Traceback (most recent call last):
  File "/Users/ankitsamant/PROJECT_W/env/lib/python3.14/site-packages/django/core/handlers/exception.py", line 55, in inner
    response = get_response(request)
  File "/Users/ankitsamant/PROJECT_W/env/lib/python3.14/site-packages/django/utils/deprecation.py", line 136, in __call__
    response = self.process_response(request, response)
  File "/Users/ankitsamant/PROJECT_W/env/lib/python3.14/site-packages/django/middleware/common.py", line 108, in process_response
    return self.response_redirect_class(self.get_full_path_with_slash(request))
                                        ~~~~~~~~~~~~~~~~~~~~~~~~~~~~~^^^^^^^^^
  File "/Users/ankitsamant/PROJECT_W/env/lib/python3.14/site-packages/django/middleware/common.py", line 87, in get_full_path_with_slash
    raise RuntimeError(
    ...<9 lines>...
    )
RuntimeError: You called this URL via POST, but the URL doesn't end in a slash and you have APPEND_SLASH set. Django can't redirect to the slash URL while maintaining POST data. Change your form to point to 4da0-103-87-58-100.ngrok-free.app/api/login-admin/ (note the trailing slash), or set APPEND_SLASH=False in your Django settings.
ERROR 2026-06-08 11:49:51,324 django.request log:241 Internal Server Error: /api/login
Traceback (most recent call last):
  File "/Users/ankitsamant/PROJECT_W/env/lib/python3.14/site-packages/django/core/handlers/exception.py", line 55, in inner
    response = get_response(request)
  File "/Users/ankitsamant/PROJECT_W/env/lib/python3.14/site-packages/django/utils/deprecation.py", line 136, in __call__
    response = self.process_response(request, response)
  File "/Users/ankitsamant/PROJECT_W/env/lib/python3.14/site-packages/django/middleware/common.py", line 108, in process_response
    return self.response_redirect_class(self.get_full_path_with_slash(request))
                                        ~~~~~~~~~~~~~~~~~~~~~~~~~~~~~^^^^^^^^^
  File "/Users/ankitsamant/PROJECT_W/env/lib/python3.14/site-packages/django/middleware/common.py", line 87, in get_full_path_with_slash
    raise RuntimeError(
    ...<9 lines>...
    )
RuntimeError: You called this URL via POST, but the URL doesn't end in a slash and you have APPEND_SLASH set. Django can't redirect to the slash URL while maintaining POST data. Change your form to point to 4da0-103-87-58-100.ngrok-free.app/api/login/ (note the trailing slash), or set APPEND_SLASH=False in your Django settings.
ERROR 2026-06-12 10:58:42,848 django.request log:241 Internal Server Error: /api/orders/
